"y","ind","cluster","period","period1","period2","period3","period4","period5","treatment"
-0.801707522140692,1,1,1,1,0,0,0,0,0
1.54167013791734,2,1,1,1,0,0,0,0,0
-0.488985734313552,3,1,1,1,0,0,0,0,0
-1.46248605772956,4,1,1,1,0,0,0,0,0
-1.78940351856216,5,1,1,1,0,0,0,0,0
-1.27690367568394,6,1,1,1,0,0,0,0,0
-0.815539883589806,7,1,1,1,0,0,0,0,0
0.92980479909406,8,1,1,1,0,0,0,0,0
-0.0135575034743906,9,1,1,1,0,0,0,0,0
1.9929326614598,10,1,1,1,0,0,0,0,0
-0.499738705416271,11,1,1,1,0,0,0,0,0
-1.62403741813303,12,1,1,1,0,0,0,0,0
-1.62771212912959,13,1,1,1,0,0,0,0,0
0.97645218782497,14,1,1,1,0,0,0,0,0
-0.579775922264015,15,1,1,1,0,0,0,0,0
-0.0957494724394998,16,1,1,1,0,0,0,0,0
-2.14968974733766,17,1,1,1,0,0,0,0,0
0.704316953303686,18,1,1,1,0,0,0,0,0
-0.438696225718285,19,1,1,1,0,0,0,0,0
1.05334082468388,20,1,1,1,0,0,0,0,0
1.62015691188376,1,1,2,0,1,0,0,0,1
-0.532829627786909,2,1,2,0,1,0,0,0,1
0.274353008881159,3,1,2,0,1,0,0,0,1
1.06811957837693,4,1,2,0,1,0,0,0,1
0.352853542712068,5,1,2,0,1,0,0,0,1
-0.392061983895333,6,1,2,0,1,0,0,0,1
-0.681922541520868,7,1,2,0,1,0,0,0,1
-0.877404810905969,8,1,2,0,1,0,0,0,1
1.20690345356433,9,1,2,0,1,0,0,0,1
0.717780924460103,10,1,2,0,1,0,0,0,1
1.89794355840937,11,1,2,0,1,0,0,0,1
1.45623992472096,12,1,2,0,1,0,0,0,1
0.802393453326048,13,1,2,0,1,0,0,0,1
-0.578153765880096,14,1,2,0,1,0,0,0,1
1.53393633253147,15,1,2,0,1,0,0,0,1
1.28207439764389,16,1,2,0,1,0,0,0,1
-0.494727182563357,17,1,2,0,1,0,0,0,1
0.593983592859096,18,1,2,0,1,0,0,0,1
0.639561360549172,19,1,2,0,1,0,0,0,1
1.06378626103222,20,1,2,0,1,0,0,0,1
0.473524104722159,1,1,3,0,0,1,0,0,1
1.38596409822053,2,1,3,0,0,1,0,0,1
0.337767445215941,3,1,3,0,0,1,0,0,1
0.873033927888025,4,1,3,0,0,1,0,0,1
-1.11033790909802,5,1,3,0,0,1,0,0,1
0.266676524104266,6,1,3,0,0,1,0,0,1
0.454281718694822,7,1,3,0,0,1,0,0,1
-0.974427823742097,8,1,3,0,0,1,0,0,1
-1.26997512740955,9,1,3,0,0,1,0,0,1
0.215580386514888,10,1,3,0,0,1,0,0,1
-0.785475522109171,11,1,3,0,0,1,0,0,1
1.78581553700993,12,1,3,0,0,1,0,0,1
0.335911261813797,13,1,3,0,0,1,0,0,1
-0.377752093633177,14,1,3,0,0,1,0,0,1
0.45582201265885,15,1,3,0,0,1,0,0,1
-0.00668507066250934,16,1,3,0,0,1,0,0,1
1.43884884525959,17,1,3,0,0,1,0,0,1
0.132191554790813,18,1,3,0,0,1,0,0,1
-1.29900962282281,19,1,3,0,0,1,0,0,1
0.608006019298246,20,1,3,0,0,1,0,0,1
1.76871709360964,1,1,4,0,0,0,1,0,1
1.2215651338906,2,1,4,0,0,0,1,0,1
1.03529937852649,3,1,4,0,0,0,1,0,1
-0.622697067667907,4,1,4,0,0,0,1,0,1
0.358070198402014,5,1,4,0,0,0,1,0,1
0.525152007203408,6,1,4,0,0,0,1,0,1
1.67322783792188,7,1,4,0,0,0,1,0,1
1.10425800803361,8,1,4,0,0,0,1,0,1
-0.924768879215553,9,1,4,0,0,0,1,0,1
2.13797846876484,10,1,4,0,0,0,1,0,1
2.87300712870484,11,1,4,0,0,0,1,0,1
1.90947701160008,12,1,4,0,0,0,1,0,1
0.125073886140674,13,1,4,0,0,0,1,0,1
0.758241666632108,14,1,4,0,0,0,1,0,1
1.84678421729613,15,1,4,0,0,0,1,0,1
-0.0393894300647591,16,1,4,0,0,0,1,0,1
1.92189656816827,17,1,4,0,0,0,1,0,1
1.97398322625056,18,1,4,0,0,0,1,0,1
1.9761228390464,19,1,4,0,0,0,1,0,1
1.07016683612907,20,1,4,0,0,0,1,0,1
0.387747376267527,1,1,5,0,0,0,0,1,1
0.340340146220609,2,1,5,0,0,0,0,1,1
1.83786300890195,3,1,5,0,0,0,0,1,1
1.6411568505991,4,1,5,0,0,0,0,1,1
1.96376909976148,5,1,5,0,0,0,0,1,1
0.222441373759476,6,1,5,0,0,0,0,1,1
2.26598150300647,7,1,5,0,0,0,0,1,1
-0.415967629579002,8,1,5,0,0,0,0,1,1
-0.361012310036098,9,1,5,0,0,0,0,1,1
2.56939066384801,10,1,5,0,0,0,0,1,1
0.582776784839237,11,1,5,0,0,0,0,1,1
1.52570965862096,12,1,5,0,0,0,0,1,1
-1.69809106953531,13,1,5,0,0,0,0,1,1
1.47171455073061,14,1,5,0,0,0,0,1,1
0.668605568043887,15,1,5,0,0,0,0,1,1
0.880087827861269,16,1,5,0,0,0,0,1,1
1.05090981215518,17,1,5,0,0,0,0,1,1
-0.116369045644525,18,1,5,0,0,0,0,1,1
0.587240328173833,19,1,5,0,0,0,0,1,1
0.703379610761305,20,1,5,0,0,0,0,1,1
0.573553323491645,1,2,1,1,0,0,0,0,0
-0.302328952284759,2,2,1,1,0,0,0,0,0
-0.654359481396494,3,2,1,1,0,0,0,0,0
-0.785349417654956,4,2,1,1,0,0,0,0,0
0.979456925639611,5,2,1,1,0,0,0,0,0
0.109207521727335,6,2,1,1,0,0,0,0,0
-1.05104490981264,7,2,1,1,0,0,0,0,0
-0.442918204546296,8,2,1,1,0,0,0,0,0
-0.134339228151608,9,2,1,1,0,0,0,0,0
-0.343832699132888,10,2,1,1,0,0,0,0,0
-0.185178340773265,11,2,1,1,0,0,0,0,0
0.579136156777152,12,2,1,1,0,0,0,0,0
-1.13661549046907,13,2,1,1,0,0,0,0,0
0.875031295121899,14,2,1,1,0,0,0,0,0
-0.736574304527405,15,2,1,1,0,0,0,0,0
0.117918581695108,16,2,1,1,0,0,0,0,0
-0.130993043049409,17,2,1,1,0,0,0,0,0
-1.01014082557787,18,2,1,1,0,0,0,0,0
0.322668983768769,19,2,1,1,0,0,0,0,0
-2.12269371681383,20,2,1,1,0,0,0,0,0
0.17727617443138,1,2,2,0,1,0,0,0,1
0.678343006584549,2,2,2,0,1,0,0,0,1
1.04477577138862,3,2,2,0,1,0,0,0,1
0.411820374747173,4,2,2,0,1,0,0,0,1
2.58046336300269,5,2,2,0,1,0,0,0,1
0.540775871052459,6,2,2,0,1,0,0,0,1
0.978888759431198,7,2,2,0,1,0,0,0,1
-0.57299624069836,8,2,2,0,1,0,0,0,1
0.856449354737272,9,2,2,0,1,0,0,0,1
0.680689934939338,10,2,2,0,1,0,0,0,1
0.300688581671749,11,2,2,0,1,0,0,0,1
0.540658829133127,12,2,2,0,1,0,0,0,1
2.93039834828105,13,2,2,0,1,0,0,0,1
1.61102320766382,14,2,2,0,1,0,0,0,1
0.676354641511744,15,2,2,0,1,0,0,0,1
0.701121456598893,16,2,2,0,1,0,0,0,1
-0.549464662338911,17,2,2,0,1,0,0,0,1
0.822478383624726,18,2,2,0,1,0,0,0,1
-0.740203109877211,19,2,2,0,1,0,0,0,1
-0.950983096804723,20,2,2,0,1,0,0,0,1
0.939343508927424,1,2,3,0,0,1,0,0,1
1.54308686488524,2,2,3,0,0,1,0,0,1
0.458241957247855,3,2,3,0,0,1,0,0,1
-0.803983934199671,4,2,3,0,0,1,0,0,1
0.988609483111447,5,2,3,0,0,1,0,0,1
-0.777223283606498,6,2,3,0,0,1,0,0,1
0.945324152696247,7,2,3,0,0,1,0,0,1
1.17713014462989,8,2,3,0,0,1,0,0,1
2.45578414715497,9,2,3,0,0,1,0,0,1
0.0587246418813058,10,2,3,0,0,1,0,0,1
2.40914240425622,11,2,3,0,0,1,0,0,1
1.74022421909123,12,2,3,0,0,1,0,0,1
-0.409412238766158,13,2,3,0,0,1,0,0,1
0.46710716002638,14,2,3,0,0,1,0,0,1
-0.481023862664645,15,2,3,0,0,1,0,0,1
1.00143222473544,16,2,3,0,0,1,0,0,1
-0.217584672477666,17,2,3,0,0,1,0,0,1
0.243869572907204,18,2,3,0,0,1,0,0,1
2.00210436746674,19,2,3,0,0,1,0,0,1
0.704507746412419,20,2,3,0,0,1,0,0,1
0.0223462367506696,1,2,4,0,0,0,1,0,1
-0.385716439598818,2,2,4,0,0,0,1,0,1
0.838239053174285,3,2,4,0,0,0,1,0,1
-0.436523566219024,4,2,4,0,0,0,1,0,1
1.16501472157504,5,2,4,0,0,0,1,0,1
0.292609679757821,6,2,4,0,0,0,1,0,1
-0.438933495910021,7,2,4,0,0,0,1,0,1
0.14203393316685,8,2,4,0,0,0,1,0,1
-1.78556025239165,9,2,4,0,0,0,1,0,1
1.77683592524132,10,2,4,0,0,0,1,0,1
2.39576095349852,11,2,4,0,0,0,1,0,1
1.70250571487831,12,2,4,0,0,0,1,0,1
1.4393543793604,13,2,4,0,0,0,1,0,1
0.517645612833484,14,2,4,0,0,0,1,0,1
-0.278302277217179,15,2,4,0,0,0,1,0,1
1.36021479023652,16,2,4,0,0,0,1,0,1
0.741840621643093,17,2,4,0,0,0,1,0,1
-0.269901056586548,18,2,4,0,0,0,1,0,1
0.839173353753982,19,2,4,0,0,0,1,0,1
2.01083322900929,20,2,4,0,0,0,1,0,1
0.235719341827491,1,2,5,0,0,0,0,1,1
-0.234545756107828,2,2,5,0,0,0,0,1,1
0.104953633298628,3,2,5,0,0,0,0,1,1
0.0753470481280587,4,2,5,0,0,0,0,1,1
0.594646422760155,5,2,5,0,0,0,0,1,1
-0.308238358146221,6,2,5,0,0,0,0,1,1
1.28492115529383,7,2,5,0,0,0,0,1,1
0.220310814459955,8,2,5,0,0,0,0,1,1
1.86705143904259,9,2,5,0,0,0,0,1,1
1.24893963718616,10,2,5,0,0,0,0,1,1
2.54371896160743,11,2,5,0,0,0,0,1,1
1.62550692195989,12,2,5,0,0,0,0,1,1
1.28024530126328,13,2,5,0,0,0,0,1,1
1.78371609667121,14,2,5,0,0,0,0,1,1
1.94347044071425,15,2,5,0,0,0,0,1,1
-0.302126937097834,16,2,5,0,0,0,0,1,1
-0.64010571848097,17,2,5,0,0,0,0,1,1
2.31249142842274,18,2,5,0,0,0,0,1,1
0.89346567399396,19,2,5,0,0,0,0,1,1
0.850278706884725,20,2,5,0,0,0,0,1,1
1.23709352629653,1,3,1,1,0,0,0,0,0
0.466638900228389,2,3,1,1,0,0,0,0,0
1.30314456829615,3,3,1,1,0,0,0,0,0
-0.1561831661933,4,3,1,1,0,0,0,0,0
-0.0539306472651165,5,3,1,1,0,0,0,0,0
0.458766883486779,6,3,1,1,0,0,0,0,0
0.0464615958860569,7,3,1,1,0,0,0,0,0
-1.39427551542026,8,3,1,1,0,0,0,0,0
-1.91058181575044,9,3,1,1,0,0,0,0,0
-0.323632371086706,10,3,1,1,0,0,0,0,0
0.219259841803904,11,3,1,1,0,0,0,0,0
0.966414711942649,12,3,1,1,0,0,0,0,0
0.0798467049043004,13,3,1,1,0,0,0,0,0
0.0656785676867413,14,3,1,1,0,0,0,0,0
-0.878664575733642,15,3,1,1,0,0,0,0,0
1.76636108445069,16,3,1,1,0,0,0,0,0
-0.692700416435737,17,3,1,1,0,0,0,0,0
0.578968121951749,18,3,1,1,0,0,0,0,0
-0.576603957210786,19,3,1,1,0,0,0,0,0
-0.447333807229756,20,3,1,1,0,0,0,0,0
1.18819935454352,1,3,2,0,1,0,0,0,1
0.376549694805413,2,3,2,0,1,0,0,0,1
0.410194323623863,3,3,2,0,1,0,0,0,1
0.579191470616302,4,3,2,0,1,0,0,0,1
0.402787136101317,5,3,2,0,1,0,0,0,1
0.397327211650342,6,3,2,0,1,0,0,0,1
0.807790838047986,7,3,2,0,1,0,0,0,1
-0.136253222222788,8,3,2,0,1,0,0,0,1
0.459339583994224,9,3,2,0,1,0,0,0,1
1.2961992531626,10,3,2,0,1,0,0,0,1
2.52726675475638,11,3,2,0,1,0,0,0,1
1.05998844008342,12,3,2,0,1,0,0,0,1
1.14928770941147,13,3,2,0,1,0,0,0,1
0.949902481229366,14,3,2,0,1,0,0,0,1
0.900984933503949,15,3,2,0,1,0,0,0,1
0.29342220713004,16,3,2,0,1,0,0,0,1
-0.663620545275154,17,3,2,0,1,0,0,0,1
2.54055068801972,18,3,2,0,1,0,0,0,1
1.58544214011073,19,3,2,0,1,0,0,0,1
0.660901085242086,20,3,2,0,1,0,0,0,1
-0.974220696902207,1,3,3,0,0,1,0,0,1
1.60479899223592,2,3,3,0,0,1,0,0,1
0.353625630540695,3,3,3,0,0,1,0,0,1
0.766641121475769,4,3,3,0,0,1,0,0,1
1.17985790606446,5,3,3,0,0,1,0,0,1
1.31771879929819,6,3,3,0,0,1,0,0,1
-0.612808849823699,7,3,3,0,0,1,0,0,1
0.0877125057620214,8,3,3,0,0,1,0,0,1
-1.03734560043347,9,3,3,0,0,1,0,0,1
0.971132337955109,10,3,3,0,0,1,0,0,1
2.59703511245476,11,3,3,0,0,1,0,0,1
1.19576010697553,12,3,3,0,0,1,0,0,1
0.702537734134605,13,3,3,0,0,1,0,0,1
-0.600575825218231,14,3,3,0,0,1,0,0,1
2.2087158985973,15,3,3,0,0,1,0,0,1
1.3400031855796,16,3,3,0,0,1,0,0,1
-0.911311394860083,17,3,3,0,0,1,0,0,1
0.266424470155623,18,3,3,0,0,1,0,0,1
2.35122447515089,19,3,3,0,0,1,0,0,1
0.612679055930059,20,3,3,0,0,1,0,0,1
1.71200146711827,1,3,4,0,0,0,1,0,1
2.27926665187711,2,3,4,0,0,0,1,0,1
1.51194663643861,3,3,4,0,0,0,1,0,1
0.793459763694557,4,3,4,0,0,0,1,0,1
0.0291121994988776,5,3,4,0,0,0,1,0,1
-0.025742208572154,6,3,4,0,0,0,1,0,1
0.336698411259826,7,3,4,0,0,0,1,0,1
0.39366654552401,8,3,4,0,0,0,1,0,1
1.57059392033396,9,3,4,0,0,0,1,0,1
-0.357632263601899,10,3,4,0,0,0,1,0,1
2.06415211354539,11,3,4,0,0,0,1,0,1
1.35132782475245,12,3,4,0,0,0,1,0,1
0.298443181462078,13,3,4,0,0,0,1,0,1
0.0470293387635664,14,3,4,0,0,0,1,0,1
-0.320771914157366,15,3,4,0,0,0,1,0,1
0.170365364243253,16,3,4,0,0,0,1,0,1
-0.146813262583193,17,3,4,0,0,0,1,0,1
1.68036505610814,18,3,4,0,0,0,1,0,1
0.593276213958046,19,3,4,0,0,0,1,0,1
1.04170202813163,20,3,4,0,0,0,1,0,1
0.118447378345393,1,3,5,0,0,0,0,1,1
0.365663935849497,2,3,5,0,0,0,0,1,1
1.7871904602531,3,3,5,0,0,0,0,1,1
2.49360031315003,4,3,5,0,0,0,0,1,1
2.38794906564042,5,3,5,0,0,0,0,1,1
-0.447566317254498,6,3,5,0,0,0,0,1,1
-0.273158455830956,7,3,5,0,0,0,0,1,1
0.806425487144413,8,3,5,0,0,0,0,1,1
1.16087370482276,9,3,5,0,0,0,0,1,1
0.511407246427005,10,3,5,0,0,0,0,1,1
1.69479711511855,11,3,5,0,0,0,0,1,1
1.35170830497021,12,3,5,0,0,0,0,1,1
-0.371911242631849,13,3,5,0,0,0,0,1,1
0.222767581715624,14,3,5,0,0,0,0,1,1
0.66544338230913,15,3,5,0,0,0,0,1,1
1.09964578781465,16,3,5,0,0,0,0,1,1
-0.637485459718401,17,3,5,0,0,0,0,1,1
1.421534990819,18,3,5,0,0,0,0,1,1
-0.208186573492307,19,3,5,0,0,0,0,1,1
2.34848460329725,20,3,5,0,0,0,0,1,1
-0.775472226575447,1,4,1,1,0,0,0,0,0
-0.63402231288536,2,4,1,1,0,0,0,0,0
-0.128060425235548,3,4,1,1,0,0,0,0,0
0.617966590603514,4,4,1,1,0,0,0,0,0
-0.876719064600334,5,4,1,1,0,0,0,0,0
-1.10314389758,6,4,1,1,0,0,0,0,0
1.53393134442179,7,4,1,1,0,0,0,0,0
-0.427627498877988,8,4,1,1,0,0,0,0,0
-0.504749711760411,9,4,1,1,0,0,0,0,0
0.502393900661601,10,4,1,1,0,0,0,0,0
2.71036363224,11,4,1,1,0,0,0,0,0
0.68998285809961,12,4,1,1,0,0,0,0,0
0.315885741319577,13,4,1,1,0,0,0,0,0
0.437794277700726,14,4,1,1,0,0,0,0,0
-1.46532317092975,15,4,1,1,0,0,0,0,0
0.833019425155026,16,4,1,1,0,0,0,0,0
-1.39528960322304,17,4,1,1,0,0,0,0,0
-1.91995589185079,18,4,1,1,0,0,0,0,0
-0.734687054994839,19,4,1,1,0,0,0,0,0
-1.64546786460055,20,4,1,1,0,0,0,0,0
-0.7367591019884,1,4,2,0,1,0,0,0,1
0.0891518723153525,2,4,2,0,1,0,0,0,1
1.21820034082017,3,4,2,0,1,0,0,0,1
2.40356969377663,4,4,2,0,1,0,0,0,1
0.199525845599289,5,4,2,0,1,0,0,0,1
1.32259267741178,6,4,2,0,1,0,0,0,1
-0.560664254208658,7,4,2,0,1,0,0,0,1
0.581478779506961,8,4,2,0,1,0,0,0,1
1.2280321248599,9,4,2,0,1,0,0,0,1
0.175478784552172,10,4,2,0,1,0,0,0,1
1.70342353001281,11,4,2,0,1,0,0,0,1
0.417590898598482,12,4,2,0,1,0,0,0,1
0.632169685188068,13,4,2,0,1,0,0,0,1
0.98688844173675,14,4,2,0,1,0,0,0,1
-0.0235453885984211,15,4,2,0,1,0,0,0,1
-0.565674739636327,16,4,2,0,1,0,0,0,1
-0.0718775629679915,17,4,2,0,1,0,0,0,1
0.616492537432676,18,4,2,0,1,0,0,0,1
1.72904977136133,19,4,2,0,1,0,0,0,1
1.4167265791345,20,4,2,0,1,0,0,0,1
-0.625540634434248,1,4,3,0,0,1,0,0,1
-0.66716347810559,2,4,3,0,0,1,0,0,1
0.962174733157017,3,4,3,0,0,1,0,0,1
1.61641573529331,4,4,3,0,0,1,0,0,1
0.407866831750976,5,4,3,0,0,1,0,0,1
0.746377648443323,6,4,3,0,0,1,0,0,1
1.45268442023942,7,4,3,0,0,1,0,0,1
-0.0783989396663943,8,4,3,0,0,1,0,0,1
0.279916546808696,9,4,3,0,0,1,0,0,1
0.666160830425535,10,4,3,0,0,1,0,0,1
1.15355695230486,11,4,3,0,0,1,0,0,1
1.95200498293665,12,4,3,0,0,1,0,0,1
-0.307825370776765,13,4,3,0,0,1,0,0,1
1.35955631414107,14,4,3,0,0,1,0,0,1
1.30980717855657,15,4,3,0,0,1,0,0,1
-1.45626751533013,16,4,3,0,0,1,0,0,1
1.0891812797152,17,4,3,0,0,1,0,0,1
0.263756709313545,18,4,3,0,0,1,0,0,1
0.562315097278838,19,4,3,0,0,1,0,0,1
2.25915136183984,20,4,3,0,0,1,0,0,1
-1.23078362172048,1,4,4,0,0,0,1,0,1
0.620013777237024,2,4,4,0,0,0,1,0,1
1.23854373213505,3,4,4,0,0,0,1,0,1
1.49709838848604,4,4,4,0,0,0,1,0,1
-1.13952669530353,5,4,4,0,0,0,1,0,1
0.351107906085027,6,4,4,0,0,0,1,0,1
0.865015073533868,7,4,4,0,0,0,1,0,1
-0.251749620073402,8,4,4,0,0,0,1,0,1
1.45103252839943,9,4,4,0,0,0,1,0,1
0.886799466164551,10,4,4,0,0,0,1,0,1
1.49881522133142,11,4,4,0,0,0,1,0,1
1.50108644017938,12,4,4,0,0,0,1,0,1
2.30987127673541,13,4,4,0,0,0,1,0,1
-0.705731943111115,14,4,4,0,0,0,1,0,1
0.503137002445574,15,4,4,0,0,0,1,0,1
-0.958781018379234,16,4,4,0,0,0,1,0,1
0.165594496884332,17,4,4,0,0,0,1,0,1
-0.910533262066486,18,4,4,0,0,0,1,0,1
1.34600415333478,19,4,4,0,0,0,1,0,1
0.570684975848743,20,4,4,0,0,0,1,0,1
-0.543132124624533,1,4,5,0,0,0,0,1,1
0.0532616383844927,2,4,5,0,0,0,0,1,1
1.72274351247491,3,4,5,0,0,0,0,1,1
0.469254166482551,4,4,5,0,0,0,0,1,1
-0.584713740292406,5,4,5,0,0,0,0,1,1
0.459674269041499,6,4,5,0,0,0,0,1,1
1.13571809335286,7,4,5,0,0,0,0,1,1
0.208587186682306,8,4,5,0,0,0,0,1,1
0.587691577140802,9,4,5,0,0,0,0,1,1
2.50929136064027,10,4,5,0,0,0,0,1,1
1.55965825645871,11,4,5,0,0,0,0,1,1
2.52165472067614,12,4,5,0,0,0,0,1,1
0.151698614320729,13,4,5,0,0,0,0,1,1
0.00817968874048403,14,4,5,0,0,0,0,1,1
0.991389763131269,15,4,5,0,0,0,0,1,1
-1.39390894856433,16,4,5,0,0,0,0,1,1
-0.937713638900618,17,4,5,0,0,0,0,1,1
-0.633036082137331,18,4,5,0,0,0,0,1,1
0.368931400967981,19,4,5,0,0,0,0,1,1
0.584191330587726,20,4,5,0,0,0,0,1,1
0.283961639228929,1,5,1,1,0,0,0,0,0
-0.108020679706938,2,5,1,1,0,0,0,0,0
-0.674219471236261,3,5,1,1,0,0,0,0,0
1.19988969500455,4,5,1,1,0,0,0,0,0
0.0589766023935599,5,5,1,1,0,0,0,0,0
0.241426829763554,6,5,1,1,0,0,0,0,0
0.490992412911158,7,5,1,1,0,0,0,0,0
0.826347824413544,8,5,1,1,0,0,0,0,0
-0.244447700438127,9,5,1,1,0,0,0,0,0
-2.68316529778726,10,5,1,1,0,0,0,0,0
-1.65104938734629,11,5,1,1,0,0,0,0,0
-1.06594148995198,12,5,1,1,0,0,0,0,0
-1.24844739009532,13,5,1,1,0,0,0,0,0
0.226568235606679,14,5,1,1,0,0,0,0,0
-0.0277226588966168,15,5,1,1,0,0,0,0,0
0.0892809056479578,16,5,1,1,0,0,0,0,0
-1.31423590278846,17,5,1,1,0,0,0,0,0
0.980185926093104,18,5,1,1,0,0,0,0,0
-1.08248293656079,19,5,1,1,0,0,0,0,0
-0.627589284418971,20,5,1,1,0,0,0,0,0
0.218792265030241,1,5,2,0,1,0,0,0,1
2.40469512706219,2,5,2,0,1,0,0,0,1
0.505338523813491,3,5,2,0,1,0,0,0,1
-1.33889777238945,4,5,2,0,1,0,0,0,1
-0.455072792903102,5,5,2,0,1,0,0,0,1
0.470055392138323,6,5,2,0,1,0,0,0,1
1.27767037611933,7,5,2,0,1,0,0,0,1
0.814921308348799,8,5,2,0,1,0,0,0,1
0.542158285755496,9,5,2,0,1,0,0,0,1
0.204765712618279,10,5,2,0,1,0,0,0,1
1.8039276098029,11,5,2,0,1,0,0,0,1
1.45032356537646,12,5,2,0,1,0,0,0,1
1.57210566207181,13,5,2,0,1,0,0,0,1
1.95215082241794,14,5,2,0,1,0,0,0,1
0.368065428574659,15,5,2,0,1,0,0,0,1
-0.105773701323644,16,5,2,0,1,0,0,0,1
1.54177012347883,17,5,2,0,1,0,0,0,1
-0.272155041381238,18,5,2,0,1,0,0,0,1
-0.608493499243984,19,5,2,0,1,0,0,0,1
-0.290620323249137,20,5,2,0,1,0,0,0,1
-0.0960196623584948,1,5,3,0,0,1,0,0,1
-0.0950428819623608,2,5,3,0,0,1,0,0,1
2.14355127872143,3,5,3,0,0,1,0,0,1
1.2052578594405,4,5,3,0,0,1,0,0,1
1.33904812313431,5,5,3,0,0,1,0,0,1
0.872261519255149,6,5,3,0,0,1,0,0,1
1.14052278572044,7,5,3,0,0,1,0,0,1
1.12863267660638,8,5,3,0,0,1,0,0,1
0.0507212311115456,9,5,3,0,0,1,0,0,1
-0.387488373566075,10,5,3,0,0,1,0,0,1
-0.342564802123322,11,5,3,0,0,1,0,0,1
0.281752931928744,12,5,3,0,0,1,0,0,1
-0.956304337761136,13,5,3,0,0,1,0,0,1
1.37714552477383,14,5,3,0,0,1,0,0,1
1.0124711492911,15,5,3,0,0,1,0,0,1
-1.05460751771934,16,5,3,0,0,1,0,0,1
-0.130968807746724,17,5,3,0,0,1,0,0,1
1.02948842507733,18,5,3,0,0,1,0,0,1
0.98360567220703,19,5,3,0,0,1,0,0,1
-0.531158030208727,20,5,3,0,0,1,0,0,1
-0.599416562938529,1,5,4,0,0,0,1,0,1
-0.169437991368004,2,5,4,0,0,0,1,0,1
0.681301555626442,3,5,4,0,0,0,1,0,1
0.105523882823871,4,5,4,0,0,0,1,0,1
0.696140686244048,5,5,4,0,0,0,1,0,1
0.434459192021723,6,5,4,0,0,0,1,0,1
2.0363116742498,7,5,4,0,0,0,1,0,1
1.20977656074394,8,5,4,0,0,0,1,0,1
0.27330288565588,9,5,4,0,0,0,1,0,1
0.0947833622809252,10,5,4,0,0,0,1,0,1
2.3226575135511,11,5,4,0,0,0,1,0,1
0.87523691975909,12,5,4,0,0,0,1,0,1
1.4583821923319,13,5,4,0,0,0,1,0,1
1.7159286766453,14,5,4,0,0,0,1,0,1
0.962027875971821,15,5,4,0,0,0,1,0,1
1.62791816313376,16,5,4,0,0,0,1,0,1
0.668593028189384,17,5,4,0,0,0,1,0,1
1.8803038054094,18,5,4,0,0,0,1,0,1
1.15183015678675,19,5,4,0,0,0,1,0,1
0.191947635674719,20,5,4,0,0,0,1,0,1
-0.0347364594757323,1,5,5,0,0,0,0,1,1
-0.189795222586474,2,5,5,0,0,0,0,1,1
0.244429643905535,3,5,5,0,0,0,0,1,1
0.958562333032631,4,5,5,0,0,0,0,1,1
0.506117115177915,5,5,5,0,0,0,0,1,1
1.48935096474419,6,5,5,0,0,0,0,1,1
2.58820977502937,7,5,5,0,0,0,0,1,1
0.80309763371358,8,5,5,0,0,0,0,1,1
-0.541721111946266,9,5,5,0,0,0,0,1,1
-0.915456269165188,10,5,5,0,0,0,0,1,1
0.355294808715222,11,5,5,0,0,0,0,1,1
0.184844695250632,12,5,5,0,0,0,0,1,1
1.16038272613967,13,5,5,0,0,0,0,1,1
-0.136431487284877,14,5,5,0,0,0,0,1,1
1.70495631254629,15,5,5,0,0,0,0,1,1
0.0229892679418666,16,5,5,0,0,0,0,1,1
0.0275601339144221,17,5,5,0,0,0,0,1,1
2.02015043863111,18,5,5,0,0,0,0,1,1
-0.291709135527747,19,5,5,0,0,0,0,1,1
-0.0851514534996456,20,5,5,0,0,0,0,1,1
0.0154851648755076,1,6,1,1,0,0,0,0,0
1.67045420643286,2,6,1,1,0,0,0,0,0
-0.938179426568732,3,6,1,1,0,0,0,0,0
-0.0792219884428111,4,6,1,1,0,0,0,0,0
1.87339869230591,5,6,1,1,0,0,0,0,0
-0.757041183243979,6,6,1,1,0,0,0,0,0
0.0386448024926723,7,6,1,1,0,0,0,0,0
-1.46010770952808,8,6,1,1,0,0,0,0,0
-0.140508034718412,9,6,1,1,0,0,0,0,0
0.910449683828358,10,6,1,1,0,0,0,0,0
-0.64724482422387,11,6,1,1,0,0,0,0,0
-1.30391654423651,12,6,1,1,0,0,0,0,0
0.620085017070182,13,6,1,1,0,0,0,0,0
0.983411234651487,14,6,1,1,0,0,0,0,0
-2.12936908017045,15,6,1,1,0,0,0,0,0
-0.479350195379658,16,6,1,1,0,0,0,0,0
-2.17127374185085,17,6,1,1,0,0,0,0,0
0.544955673792132,18,6,1,1,0,0,0,0,0
-1.89144075376389,19,6,1,1,0,0,0,0,0
0.729937947649338,20,6,1,1,0,0,0,0,0
0.345545562775965,1,6,2,0,1,0,0,0,0
-0.203008617610632,2,6,2,0,1,0,0,0,0
0.813557834095458,3,6,2,0,1,0,0,0,0
-1.66087006818365,4,6,2,0,1,0,0,0,0
-0.266919654706397,5,6,2,0,1,0,0,0,0
0.96264828512987,6,6,2,0,1,0,0,0,0
0.872944058085333,7,6,2,0,1,0,0,0,0
0.127935904623092,8,6,2,0,1,0,0,0,0
-1.58984622293039,9,6,2,0,1,0,0,0,0
1.48648673344528,10,6,2,0,1,0,0,0,0
1.33252809604965,11,6,2,0,1,0,0,0,0
0.411809043060236,12,6,2,0,1,0,0,0,0
-1.26248038844984,13,6,2,0,1,0,0,0,0
0.506134724857528,14,6,2,0,1,0,0,0,0
-0.816754039183001,15,6,2,0,1,0,0,0,0
-0.406481220653981,16,6,2,0,1,0,0,0,0
0.0612684152496677,17,6,2,0,1,0,0,0,0
1.20129876649843,18,6,2,0,1,0,0,0,0
-0.194006172501733,19,6,2,0,1,0,0,0,0
-0.287109211530894,20,6,2,0,1,0,0,0,0
-0.965406811213537,1,6,3,0,0,1,0,0,1
1.29522511363751,2,6,3,0,0,1,0,0,1
1.0652652706221,3,6,3,0,0,1,0,0,1
-1.66070223020901,4,6,3,0,0,1,0,0,1
0.416725063767805,5,6,3,0,0,1,0,0,1
1.36340077437562,6,6,3,0,0,1,0,0,1
0.91647579705153,7,6,3,0,0,1,0,0,1
1.25946791778207,8,6,3,0,0,1,0,0,1
-0.460192392383514,9,6,3,0,0,1,0,0,1
1.72764440172144,10,6,3,0,0,1,0,0,1
1.40218265754072,11,6,3,0,0,1,0,0,1
-0.484960898095355,12,6,3,0,0,1,0,0,1
-0.128636796794248,13,6,3,0,0,1,0,0,1
0.211035852877694,14,6,3,0,0,1,0,0,1
-0.896319477191737,15,6,3,0,0,1,0,0,1
0.0387360653704706,16,6,3,0,0,1,0,0,1
0.291926713632582,17,6,3,0,0,1,0,0,1
-1.14207607762512,18,6,3,0,0,1,0,0,1
1.26568415131634,19,6,3,0,0,1,0,0,1
-0.193410287972953,20,6,3,0,0,1,0,0,1
-2.49908109676155,1,6,4,0,0,0,1,0,1
0.932523530054673,2,6,4,0,0,0,1,0,1
0.806522042926169,3,6,4,0,0,0,1,0,1
-0.21038197899241,4,6,4,0,0,0,1,0,1
1.26222631348286,5,6,4,0,0,0,1,0,1
0.678310262084269,6,6,4,0,0,0,1,0,1
1.05260656785346,7,6,4,0,0,0,1,0,1
-0.568628264572404,8,6,4,0,0,0,1,0,1
1.16609018076476,9,6,4,0,0,0,1,0,1
2.6401665123448,10,6,4,0,0,0,1,0,1
0.314158205551303,11,6,4,0,0,0,1,0,1
0.115945845878158,12,6,4,0,0,0,1,0,1
-0.76453480249688,13,6,4,0,0,0,1,0,1
0.477573388317514,14,6,4,0,0,0,1,0,1
-0.443380342840176,15,6,4,0,0,0,1,0,1
0.464298177403338,16,6,4,0,0,0,1,0,1
0.827732044803195,17,6,4,0,0,0,1,0,1
2.79400872258192,18,6,4,0,0,0,1,0,1
0.584049417218673,19,6,4,0,0,0,1,0,1
1.42734681829389,20,6,4,0,0,0,1,0,1
-0.189084146604411,1,6,5,0,0,0,0,1,1
1.26239154197633,2,6,5,0,0,0,0,1,1
2.24719270186038,3,6,5,0,0,0,0,1,1
0.634401620795005,4,6,5,0,0,0,0,1,1
1.43421973007158,5,6,5,0,0,0,0,1,1
-0.387227600278096,6,6,5,0,0,0,0,1,1
-1.69575085927183,7,6,5,0,0,0,0,1,1
0.0565551468664457,8,6,5,0,0,0,0,1,1
1.53733723279243,9,6,5,0,0,0,0,1,1
1.61154991451839,10,6,5,0,0,0,0,1,1
1.94932949304038,11,6,5,0,0,0,0,1,1
1.30270281621526,12,6,5,0,0,0,0,1,1
-0.700927624696305,13,6,5,0,0,0,0,1,1
-0.0588383600350963,14,6,5,0,0,0,0,1,1
0.651579812944271,15,6,5,0,0,0,0,1,1
0.366535113331658,16,6,5,0,0,0,0,1,1
1.73435845201778,17,6,5,0,0,0,0,1,1
1.78376315865408,18,6,5,0,0,0,0,1,1
-0.619518733477675,19,6,5,0,0,0,0,1,1
0.992737902596966,20,6,5,0,0,0,0,1,1
0.897069423094434,1,7,1,1,0,0,0,0,0
-0.547240185932922,2,7,1,1,0,0,0,0,0
1.9591828823047,3,7,1,1,0,0,0,0,0
0.371302330401072,4,7,1,1,0,0,0,0,0
-0.438465038626567,5,7,1,1,0,0,0,0,0
-0.073903806979417,6,7,1,1,0,0,0,0,0
-1.04519133696135,7,7,1,1,0,0,0,0,0
2.82991209005187,8,7,1,1,0,0,0,0,0
-0.470934753110959,9,7,1,1,0,0,0,0,0
-0.805478174113325,10,7,1,1,0,0,0,0,0
-0.691008241944464,11,7,1,1,0,0,0,0,0
-0.119307466496771,12,7,1,1,0,0,0,0,0
0.199932188113932,13,7,1,1,0,0,0,0,0
0.0905688865349964,14,7,1,1,0,0,0,0,0
0.787329439314674,15,7,1,1,0,0,0,0,0
-0.106660009124302,16,7,1,1,0,0,0,0,0
-0.444144547391286,17,7,1,1,0,0,0,0,0
-0.0886283916480914,18,7,1,1,0,0,0,0,0
-1.38820221423978,19,7,1,1,0,0,0,0,0
0.110959163038733,20,7,1,1,0,0,0,0,0
0.62789450829471,1,7,2,0,1,0,0,0,0
-1.13943884868359,2,7,2,0,1,0,0,0,0
0.915822297804556,3,7,2,0,1,0,0,0,0
1.0199373224879,4,7,2,0,1,0,0,0,0
-0.417494293641184,5,7,2,0,1,0,0,0,0
0.609760858894214,6,7,2,0,1,0,0,0,0
0.939005392818582,7,7,2,0,1,0,0,0,0
-0.383249431569402,8,7,2,0,1,0,0,0,0
-0.273551340766625,9,7,2,0,1,0,0,0,0
-0.466043636344714,10,7,2,0,1,0,0,0,0
0.0707907903817172,11,7,2,0,1,0,0,0,0
0.478946873456772,12,7,2,0,1,0,0,0,0
0.447485983748227,13,7,2,0,1,0,0,0,0
-0.709568614379392,14,7,2,0,1,0,0,0,0
0.933105202653265,15,7,2,0,1,0,0,0,0
0.412130799283087,16,7,2,0,1,0,0,0,0
-1.7066856819234,17,7,2,0,1,0,0,0,0
-0.0742902760012727,18,7,2,0,1,0,0,0,0
0.447866837055489,19,7,2,0,1,0,0,0,0
-1.19218242383475,20,7,2,0,1,0,0,0,0
0.354757265122028,1,7,3,0,0,1,0,0,1
1.71760731961262,2,7,3,0,0,1,0,0,1
0.575843039523945,3,7,3,0,0,1,0,0,1
3.22676598502204,4,7,3,0,0,1,0,0,1
-1.81490284728279,5,7,3,0,0,1,0,0,1
0.420459900931646,6,7,3,0,0,1,0,0,1
-0.117467612312019,7,7,3,0,0,1,0,0,1
2.20921511223388,8,7,3,0,0,1,0,0,1
0.682528836436179,9,7,3,0,0,1,0,0,1
-0.827441206794441,10,7,3,0,0,1,0,0,1
-0.879904813366182,11,7,3,0,0,1,0,0,1
1.9935800756713,12,7,3,0,0,1,0,0,1
0.498133046973141,13,7,3,0,0,1,0,0,1
0.552196426888829,14,7,3,0,0,1,0,0,1
1.1502896416577,15,7,3,0,0,1,0,0,1
1.79224820137958,16,7,3,0,0,1,0,0,1
1.08596053454174,17,7,3,0,0,1,0,0,1
-0.605500272241131,18,7,3,0,0,1,0,0,1
0.645155607339645,19,7,3,0,0,1,0,0,1
-0.0887129283970347,20,7,3,0,0,1,0,0,1
2.72552017128651,1,7,4,0,0,0,1,0,1
0.618717089202119,2,7,4,0,0,0,1,0,1
2.07489697768382,3,7,4,0,0,0,1,0,1
1.67995684201098,4,7,4,0,0,0,1,0,1
0.76424296028799,5,7,4,0,0,0,1,0,1
1.95857128406,6,7,4,0,0,0,1,0,1
-0.486546028950062,7,7,4,0,0,0,1,0,1
1.47716609124766,8,7,4,0,0,0,1,0,1
-0.354901766137536,9,7,4,0,0,0,1,0,1
2.12488772005648,10,7,4,0,0,0,1,0,1
-2.16046356510805,11,7,4,0,0,0,1,0,1
0.39207368044432,12,7,4,0,0,0,1,0,1
-0.685129934482734,13,7,4,0,0,0,1,0,1
0.814947789186512,14,7,4,0,0,0,1,0,1
1.17441369578392,15,7,4,0,0,0,1,0,1
0.810161976715163,16,7,4,0,0,0,1,0,1
-0.191195927772978,17,7,4,0,0,0,1,0,1
-0.385215331099915,18,7,4,0,0,0,1,0,1
0.803770939695685,19,7,4,0,0,0,1,0,1
0.471222844988159,20,7,4,0,0,0,1,0,1
1.81512129856399,1,7,5,0,0,0,0,1,1
-1.15685856732942,2,7,5,0,0,0,0,1,1
1.60213069569015,3,7,5,0,0,0,0,1,1
2.73179794252504,4,7,5,0,0,0,0,1,1
1.33390949902927,5,7,5,0,0,0,0,1,1
1.18681602148412,6,7,5,0,0,0,0,1,1
-0.0255853637224237,7,7,5,0,0,0,0,1,1
-0.834396586544428,8,7,5,0,0,0,0,1,1
0.764663626723002,9,7,5,0,0,0,0,1,1
0.485257625603776,10,7,5,0,0,0,0,1,1
-1.37727915708735,11,7,5,0,0,0,0,1,1
0.923208746730214,12,7,5,0,0,0,0,1,1
1.06835552225365,13,7,5,0,0,0,0,1,1
0.226171887418062,14,7,5,0,0,0,0,1,1
0.445451179183913,15,7,5,0,0,0,0,1,1
2.02842837531664,16,7,5,0,0,0,0,1,1
1.92744085295456,17,7,5,0,0,0,0,1,1
-0.835031605147324,18,7,5,0,0,0,0,1,1
0.515885964756551,19,7,5,0,0,0,0,1,1
0.640854243683149,20,7,5,0,0,0,0,1,1
-0.562801330475444,1,8,1,1,0,0,0,0,0
0.77941837777709,2,8,1,1,0,0,0,0,0
0.556006948747991,3,8,1,1,0,0,0,0,0
0.409370686846746,4,8,1,1,0,0,0,0,0
0.699218151686725,5,8,1,1,0,0,0,0,0
-1.11919897991956,6,8,1,1,0,0,0,0,0
-0.303625975040107,7,8,1,1,0,0,0,0,0
0.291701233787514,8,8,1,1,0,0,0,0,0
-0.271562835832517,9,8,1,1,0,0,0,0,0
-0.381362069742296,10,8,1,1,0,0,0,0,0
-1.58261835973511,11,8,1,1,0,0,0,0,0
-1.03768872596171,12,8,1,1,0,0,0,0,0
1.45639831078261,13,8,1,1,0,0,0,0,0
-2.7105938644149,14,8,1,1,0,0,0,0,0
-0.201876088870254,15,8,1,1,0,0,0,0,0
-0.918504922328912,16,8,1,1,0,0,0,0,0
-0.914049964660364,17,8,1,1,0,0,0,0,0
0.711256737692536,18,8,1,1,0,0,0,0,0
-2.2623203961442,19,8,1,1,0,0,0,0,0
-0.503194368578742,20,8,1,1,0,0,0,0,0
1.30782367096754,1,8,2,0,1,0,0,0,0
0.856956412964272,2,8,2,0,1,0,0,0,0
-0.0880204145269397,3,8,2,0,1,0,0,0,0
-1.73975894195928,4,8,2,0,1,0,0,0,0
-1.09642922551241,5,8,2,0,1,0,0,0,0
-0.860208360136626,6,8,2,0,1,0,0,0,0
1.96113683967672,7,8,2,0,1,0,0,0,0
0.814150061745184,8,8,2,0,1,0,0,0,0
-0.150218232160143,9,8,2,0,1,0,0,0,0
-2.67598194415916,10,8,2,0,1,0,0,0,0
-0.860064590711444,11,8,2,0,1,0,0,0,0
0.272058804020573,12,8,2,0,1,0,0,0,0
-0.0858072202198875,13,8,2,0,1,0,0,0,0
-0.548424594003929,14,8,2,0,1,0,0,0,0
-0.0652522514765077,15,8,2,0,1,0,0,0,0
0.429514627665584,16,8,2,0,1,0,0,0,0
-0.343860421578285,17,8,2,0,1,0,0,0,0
0.672325393389576,18,8,2,0,1,0,0,0,0
-0.491735567531651,19,8,2,0,1,0,0,0,0
0.353506744841795,20,8,2,0,1,0,0,0,0
-1.25677179825601,1,8,3,0,0,1,0,0,1
-0.797773547510148,2,8,3,0,0,1,0,0,1
0.916806274924008,3,8,3,0,0,1,0,0,1
-0.822026034677035,4,8,3,0,0,1,0,0,1
-0.0153041141405632,5,8,3,0,0,1,0,0,1
-0.0889123170076153,6,8,3,0,0,1,0,0,1
0.637084023487823,7,8,3,0,0,1,0,0,1
0.648883661054752,8,8,3,0,0,1,0,0,1
0.724850417661621,9,8,3,0,0,1,0,0,1
-2.14627079637924,10,8,3,0,0,1,0,0,1
0.603985185973566,11,8,3,0,0,1,0,0,1
-0.765888359159216,12,8,3,0,0,1,0,0,1
1.544664695429,13,8,3,0,0,1,0,0,1
-0.715470111084096,14,8,3,0,0,1,0,0,1
-0.976237802158309,15,8,3,0,0,1,0,0,1
-0.580350067355698,16,8,3,0,0,1,0,0,1
-0.00173955173071616,17,8,3,0,0,1,0,0,1
1.06869096698809,18,8,3,0,0,1,0,0,1
0.0297695853389294,19,8,3,0,0,1,0,0,1
-0.360742656327921,20,8,3,0,0,1,0,0,1
0.775397139795711,1,8,4,0,0,0,1,0,1
0.255814650247761,2,8,4,0,0,0,1,0,1
1.19595655029661,3,8,4,0,0,0,1,0,1
1.29216903350799,4,8,4,0,0,0,1,0,1
-0.0575160918827773,5,8,4,0,0,0,1,0,1
0.821133680661754,6,8,4,0,0,0,1,0,1
1.07641392382507,7,8,4,0,0,0,1,0,1
1.34066758261921,8,8,4,0,0,0,1,0,1
-1.30049125685427,9,8,4,0,0,0,1,0,1
2.14939641822068,10,8,4,0,0,0,1,0,1
-1.25938278110464,11,8,4,0,0,0,1,0,1
0.873030796087726,12,8,4,0,0,0,1,0,1
0.793784774105146,13,8,4,0,0,0,1,0,1
0.310120192312233,14,8,4,0,0,0,1,0,1
-0.103050166629186,15,8,4,0,0,0,1,0,1
-1.20424116691935,16,8,4,0,0,0,1,0,1
1.2758091953134,17,8,4,0,0,0,1,0,1
1.41119597709246,18,8,4,0,0,0,1,0,1
-0.900906679551857,19,8,4,0,0,0,1,0,1
0.687338328822667,20,8,4,0,0,0,1,0,1
-0.807023483709275,1,8,5,0,0,0,0,1,1
1.46137804469485,2,8,5,0,0,0,0,1,1
1.43413447657166,3,8,5,0,0,0,0,1,1
-0.244609703331489,4,8,5,0,0,0,0,1,1
0.681137169324845,5,8,5,0,0,0,0,1,1
-1.83816453332281,6,8,5,0,0,0,0,1,1
0.356100948581415,7,8,5,0,0,0,0,1,1
0.759758876409171,8,8,5,0,0,0,0,1,1
0.256860658946061,9,8,5,0,0,0,0,1,1
-1.16719509740631,10,8,5,0,0,0,0,1,1
-0.408814237620781,11,8,5,0,0,0,0,1,1
-0.153372464832658,12,8,5,0,0,0,0,1,1
1.50975687255807,13,8,5,0,0,0,0,1,1
0.164123163355446,14,8,5,0,0,0,0,1,1
1.41689206196029,15,8,5,0,0,0,0,1,1
-0.644525156870257,16,8,5,0,0,0,0,1,1
-0.316315151837225,17,8,5,0,0,0,0,1,1
2.44196268914945,18,8,5,0,0,0,0,1,1
-0.602961871677803,19,8,5,0,0,0,0,1,1
0.670683943480053,20,8,5,0,0,0,0,1,1
-0.398476978438503,1,9,1,1,0,0,0,0,0
0.444549231432341,2,9,1,1,0,0,0,0,0
1.46566239244497,3,9,1,1,0,0,0,0,0
0.582896464446777,4,9,1,1,0,0,0,0,0
0.526729823778584,5,9,1,1,0,0,0,0,0
-1.48220006727357,6,9,1,1,0,0,0,0,0
-0.71019358740728,7,9,1,1,0,0,0,0,0
-0.627286799277843,8,9,1,1,0,0,0,0,0
1.73749746687443,9,9,1,1,0,0,0,0,0
0.893769117032639,10,9,1,1,0,0,0,0,0
-1.3507544745034,11,9,1,1,0,0,0,0,0
1.4446197130658,12,9,1,1,0,0,0,0,0
0.612718424527612,13,9,1,1,0,0,0,0,0
1.15675625970428,14,9,1,1,0,0,0,0,0
-0.14569892000633,15,9,1,1,0,0,0,0,0
2.1518730688228,16,9,1,1,0,0,0,0,0
-0.20184486161831,17,9,1,1,0,0,0,0,0
0.507150902789681,18,9,1,1,0,0,0,0,0
0.055951474685132,19,9,1,1,0,0,0,0,0
-1.40063374377482,20,9,1,1,0,0,0,0,0
0.484644868129989,1,9,2,0,1,0,0,0,0
0.653491676794688,2,9,2,0,1,0,0,0,0
0.243486482798867,3,9,2,0,1,0,0,0,0
0.320665155358556,4,9,2,0,1,0,0,0,0
-1.01077064658247,5,9,2,0,1,0,0,0,0
-0.355955151360696,6,9,2,0,1,0,0,0,0
-1.30783522166738,7,9,2,0,1,0,0,0,0
-0.646043862632863,8,9,2,0,1,0,0,0,0
-0.745912941704341,9,9,2,0,1,0,0,0,0
1.18317443929831,10,9,2,0,1,0,0,0,0
-0.813018284671477,11,9,2,0,1,0,0,0,0
0.575696500175913,12,9,2,0,1,0,0,0,0
0.476702061218161,13,9,2,0,1,0,0,0,0
-1.06331150836498,14,9,2,0,1,0,0,0,0
1.06396235280432,15,9,2,0,1,0,0,0,0
-0.261125441677584,16,9,2,0,1,0,0,0,0
-0.670437395715411,17,9,2,0,1,0,0,0,0
0.879661053257553,18,9,2,0,1,0,0,0,0
-0.975634366677321,19,9,2,0,1,0,0,0,0
-0.10963311999768,20,9,2,0,1,0,0,0,0
-0.365268173664673,1,9,3,0,0,1,0,0,1
2.04630719468646,2,9,3,0,0,1,0,0,1
0.54851024574025,3,9,3,0,0,1,0,0,1
0.758976497592571,4,9,3,0,0,1,0,0,1
-0.0222804598260489,5,9,3,0,0,1,0,0,1
-0.726626687143083,6,9,3,0,0,1,0,0,1
1.68201112771533,7,9,3,0,0,1,0,0,1
1.3414329177998,8,9,3,0,0,1,0,0,1
1.32832399206742,9,9,3,0,0,1,0,0,1
2.35428964793464,10,9,3,0,0,1,0,0,1
-2.15333577507727,11,9,3,0,0,1,0,0,1
1.40189589193507,12,9,3,0,0,1,0,0,1
-0.0147144194763223,13,9,3,0,0,1,0,0,1
-1.02016729286491,14,9,3,0,0,1,0,0,1
-0.238214665970108,15,9,3,0,0,1,0,0,1
0.424992133398661,16,9,3,0,0,1,0,0,1
-0.153675510125929,17,9,3,0,0,1,0,0,1
-0.172290581530659,18,9,3,0,0,1,0,0,1
-1.24921621752662,19,9,3,0,0,1,0,0,1
-0.229855742847879,20,9,3,0,0,1,0,0,1
-1.44749058186103,1,9,4,0,0,0,1,0,1
0.444020148668458,2,9,4,0,0,0,1,0,1
1.91718699013496,3,9,4,0,0,0,1,0,1
1.8910796515217,4,9,4,0,0,0,1,0,1
2.16364101311234,5,9,4,0,0,0,1,0,1
-0.0347775072167427,6,9,4,0,0,0,1,0,1
-0.167215433417752,7,9,4,0,0,0,1,0,1
0.151972299367144,8,9,4,0,0,0,1,0,1
1.00327094824816,9,9,4,0,0,0,1,0,1
0.589051366739735,10,9,4,0,0,0,1,0,1
-0.343969794553866,11,9,4,0,0,0,1,0,1
1.48809875833108,12,9,4,0,0,0,1,0,1
1.75449855761419,13,9,4,0,0,0,1,0,1
0.81630980880059,14,9,4,0,0,0,1,0,1
1.09318222333387,15,9,4,0,0,0,1,0,1
0.463745627071671,16,9,4,0,0,0,1,0,1
0.338759744967967,17,9,4,0,0,0,1,0,1
1.26569593275784,18,9,4,0,0,0,1,0,1
-0.328355954645095,19,9,4,0,0,0,1,0,1
-0.188459404983711,20,9,4,0,0,0,1,0,1
1.24772494122284,1,9,5,0,0,0,0,1,1
0.69961585721355,2,9,5,0,0,0,0,1,1
2.32133310308401,3,9,5,0,0,0,0,1,1
1.08700073984692,4,9,5,0,0,0,0,1,1
1.18353964907239,5,9,5,0,0,0,0,1,1
1.84367175118324,6,9,5,0,0,0,0,1,1
1.33496054070452,7,9,5,0,0,0,0,1,1
0.219507741171106,8,9,5,0,0,0,0,1,1
0.353550215190189,9,9,5,0,0,0,0,1,1
0.173631515086682,10,9,5,0,0,0,0,1,1
-0.6128829320102,11,9,5,0,0,0,0,1,1
0.686461535903218,12,9,5,0,0,0,0,1,1
2.00957800173564,13,9,5,0,0,0,0,1,1
-0.181230984607501,14,9,5,0,0,0,0,1,1
0.0869836463178472,15,9,5,0,0,0,0,1,1
0.473819343902859,16,9,5,0,0,0,0,1,1
-0.600023116332909,17,9,5,0,0,0,0,1,1
0.261167029627016,18,9,5,0,0,0,0,1,1
0.815579928640677,19,9,5,0,0,0,0,1,1
0.305910187838725,20,9,5,0,0,0,0,1,1
1.18898884956152,1,10,1,1,0,0,0,0,0
0.657895560699613,2,10,1,1,0,0,0,0,0
-0.682106507875846,3,10,1,1,0,0,0,0,0
0.733564717986444,4,10,1,1,0,0,0,0,0
0.885111016936979,5,10,1,1,0,0,0,0,0
-0.240202438921749,6,10,1,1,0,0,0,0,0
1.41423195003798,7,10,1,1,0,0,0,0,0
0.801935299716384,8,10,1,1,0,0,0,0,0
-0.439277219662492,9,10,1,1,0,0,0,0,0
2.1820068600333,10,10,1,1,0,0,0,0,0
1.31131863928878,11,10,1,1,0,0,0,0,0
-0.452541149263482,12,10,1,1,0,0,0,0,0
0.0838934573617938,13,10,1,1,0,0,0,0,0
-0.345853353766947,14,10,1,1,0,0,0,0,0
1.90045505049171,15,10,1,1,0,0,0,0,0
-0.72025644447365,16,10,1,1,0,0,0,0,0
0.227645509291169,17,10,1,1,0,0,0,0,0
0.217326283284498,18,10,1,1,0,0,0,0,0
-0.323710708711214,19,10,1,1,0,0,0,0,0
-1.14068510446997,20,10,1,1,0,0,0,0,0
-0.474566755734431,1,10,2,0,1,0,0,0,0
0.672267984768237,2,10,2,0,1,0,0,0,0
-0.182035730204685,3,10,2,0,1,0,0,0,0
-1.14262507313246,4,10,2,0,1,0,0,0,0
-0.304865971432142,5,10,2,0,1,0,0,0,0
0.891746709630643,6,10,2,0,1,0,0,0,0
1.39163763699576,7,10,2,0,1,0,0,0,0
-0.702153161499004,8,10,2,0,1,0,0,0,0
0.697936616620713,9,10,2,0,1,0,0,0,0
-0.186840888857605,10,10,2,0,1,0,0,0,0
-0.123571903631023,11,10,2,0,1,0,0,0,0
0.349549869837266,12,10,2,0,1,0,0,0,0
0.657115778469337,13,10,2,0,1,0,0,0,0
0.0782010854266036,14,10,2,0,1,0,0,0,0
0.60088384312755,15,10,2,0,1,0,0,0,0
-0.916120312603416,16,10,2,0,1,0,0,0,0
1.05919213317772,17,10,2,0,1,0,0,0,0
0.611794659005381,18,10,2,0,1,0,0,0,0
-0.693438621490018,19,10,2,0,1,0,0,0,0
1.5011113041636,20,10,2,0,1,0,0,0,0
0.374277488370769,1,10,3,0,0,1,0,0,1
1.61395385625333,2,10,3,0,0,1,0,0,1
1.09595433519691,3,10,3,0,0,1,0,0,1
-0.148139686883676,4,10,3,0,0,1,0,0,1
-0.438313436060668,5,10,3,0,0,1,0,0,1
1.52452496258092,6,10,3,0,0,1,0,0,1
1.81831809962553,7,10,3,0,0,1,0,0,1
0.582140722196026,8,10,3,0,0,1,0,0,1
1.91712588755924,9,10,3,0,0,1,0,0,1
-0.531419214566869,10,10,3,0,0,1,0,0,1
1.20509774398392,11,10,3,0,0,1,0,0,1
1.20600547357295,12,10,3,0,0,1,0,0,1
-0.25867938858324,13,10,3,0,0,1,0,0,1
0.544613341222957,14,10,3,0,0,1,0,0,1
2.03338632316853,15,10,3,0,0,1,0,0,1
0.506819857894915,16,10,3,0,0,1,0,0,1
2.06667767199018,17,10,3,0,0,1,0,0,1
1.11884004998758,18,10,3,0,0,1,0,0,1
1.6231383365989,19,10,3,0,0,1,0,0,1
-0.042490773138492,20,10,3,0,0,1,0,0,1
1.56996395244436,1,10,4,0,0,0,1,0,1
2.22712968769098,2,10,4,0,0,0,1,0,1
0.227256187290047,3,10,4,0,0,0,1,0,1
0.445739404427464,4,10,4,0,0,0,1,0,1
1.13985256423471,5,10,4,0,0,0,1,0,1
0.338255367981577,6,10,4,0,0,0,1,0,1
0.638269255080011,7,10,4,0,0,0,1,0,1
0.867616186088562,8,10,4,0,0,0,1,0,1
1.07750563820859,9,10,4,0,0,0,1,0,1
2.9826413653364,10,10,4,0,0,0,1,0,1
1.82959860142597,11,10,4,0,0,0,1,0,1
1.14327528493542,12,10,4,0,0,0,1,0,1
1.57889071173264,13,10,4,0,0,0,1,0,1
1.76677886781286,14,10,4,0,0,0,1,0,1
2.94364167037719,15,10,4,0,0,0,1,0,1
-0.0204539851360355,16,10,4,0,0,0,1,0,1
-0.301610824202347,17,10,4,0,0,0,1,0,1
0.938699466551227,18,10,4,0,0,0,1,0,1
0.459859029487308,19,10,4,0,0,0,1,0,1
1.61274188246736,20,10,4,0,0,0,1,0,1
0.923059042366904,1,10,5,0,0,0,0,1,1
0.00183249479913106,2,10,5,0,0,0,0,1,1
0.414071751278401,3,10,5,0,0,0,0,1,1
-0.286854051549069,4,10,5,0,0,0,0,1,1
0.882667231314907,5,10,5,0,0,0,0,1,1
2.23010031710549,6,10,5,0,0,0,0,1,1
2.31856720096888,7,10,5,0,0,0,0,1,1
1.39398136120664,8,10,5,0,0,0,0,1,1
1.08021642623991,9,10,5,0,0,0,0,1,1
0.918546421747773,10,10,5,0,0,0,0,1,1
1.76288407695108,11,10,5,0,0,0,0,1,1
0.998350652990746,12,10,5,0,0,0,0,1,1
-0.507228896677467,13,10,5,0,0,0,0,1,1
-0.920635548005386,14,10,5,0,0,0,0,1,1
2.67428595116535,15,10,5,0,0,0,0,1,1
1.54200236272118,16,10,5,0,0,0,0,1,1
1.7879509647924,17,10,5,0,0,0,0,1,1
1.35509570968127,18,10,5,0,0,0,0,1,1
0.315435926920824,19,10,5,0,0,0,0,1,1
2.18599396131196,20,10,5,0,0,0,0,1,1
1.49677931176342,1,11,1,1,0,0,0,0,0
1.38952102525724,2,11,1,1,0,0,0,0,0
-0.569789987894987,3,11,1,1,0,0,0,0,0
-1.6705072644826,4,11,1,1,0,0,0,0,0
-0.165218569537928,5,11,1,1,0,0,0,0,0
-0.370878789769586,6,11,1,1,0,0,0,0,0
1.14359768465341,7,11,1,1,0,0,0,0,0
1.24164392092778,8,11,1,1,0,0,0,0,0
-2.35433265238127,9,11,1,1,0,0,0,0,0
-0.612203202243199,10,11,1,1,0,0,0,0,0
0.0469027271652584,11,11,1,1,0,0,0,0,0
-1.24567910078922,12,11,1,1,0,0,0,0,0
0.27245701521538,13,11,1,1,0,0,0,0,0
-1.76077451672252,14,11,1,1,0,0,0,0,0
1.27112641937348,15,11,1,1,0,0,0,0,0
-0.61672688133311,16,11,1,1,0,0,0,0,0
-0.0802672713184994,17,11,1,1,0,0,0,0,0
1.08979226735965,18,11,1,1,0,0,0,0,0
-0.767470473053789,19,11,1,1,0,0,0,0,0
-0.567716479708718,20,11,1,1,0,0,0,0,0
-0.124924434907869,1,11,2,0,1,0,0,0,0
0.430607250191009,2,11,2,0,1,0,0,0,0
1.65454904121025,3,11,2,0,1,0,0,0,0
-0.402890845700408,4,11,2,0,1,0,0,0,0
-0.082061666262887,5,11,2,0,1,0,0,0,0
-0.320771640871708,6,11,2,0,1,0,0,0,0
1.53425629659848,7,11,2,0,1,0,0,0,0
-0.322487418687353,8,11,2,0,1,0,0,0,0
-1.41607777727476,9,11,2,0,1,0,0,0,0
-0.0526995789406531,10,11,2,0,1,0,0,0,0
-0.611090083038031,11,11,2,0,1,0,0,0,0
-0.67793233436364,12,11,2,0,1,0,0,0,0
-0.363926051222266,13,11,2,0,1,0,0,0,0
-0.112291295794849,14,11,2,0,1,0,0,0,0
-2.72244015603793,15,11,2,0,1,0,0,0,0
-0.288903778567596,16,11,2,0,1,0,0,0,0
-1.27161133653039,17,11,2,0,1,0,0,0,0
0.337100814551238,18,11,2,0,1,0,0,0,0
-0.138009238340668,19,11,2,0,1,0,0,0,0
0.124101441904478,20,11,2,0,1,0,0,0,0
-1.62596971167104,1,11,3,0,0,1,0,0,0
-0.541374296450399,2,11,3,0,0,1,0,0,0
-1.13795249788917,3,11,3,0,0,1,0,0,0
-0.98065527144654,4,11,3,0,0,1,0,0,0
2.01799295624913,5,11,3,0,0,1,0,0,0
1.19818424283551,6,11,3,0,0,1,0,0,0
1.4927016743606,7,11,3,0,0,1,0,0,0
0.644198453802567,8,11,3,0,0,1,0,0,0
-0.26945520521676,9,11,3,0,0,1,0,0,0
-0.218642092956364,10,11,3,0,0,1,0,0,0
0.0911923700718987,11,11,3,0,0,1,0,0,0
-0.0582713090129593,12,11,3,0,0,1,0,0,0
0.0678833515605416,13,11,3,0,0,1,0,0,0
0.990919798984141,14,11,3,0,0,1,0,0,0
0.396325334120122,15,11,3,0,0,1,0,0,0
-0.531462637343025,16,11,3,0,0,1,0,0,0
-0.0868543465510313,17,11,3,0,0,1,0,0,0
1.58598744632633,18,11,3,0,0,1,0,0,0
-1.60503023992012,19,11,3,0,0,1,0,0,0
-1.61472625718499,20,11,3,0,0,1,0,0,0
2.79998710540992,1,11,4,0,0,0,1,0,1
0.512887649422464,2,11,4,0,0,0,1,0,1
0.682977530099888,3,11,4,0,0,0,1,0,1
0.646267060086499,4,11,4,0,0,0,1,0,1
0.37252195168851,5,11,4,0,0,0,1,0,1
0.710330836627678,6,11,4,0,0,0,1,0,1
1.74277360065544,7,11,4,0,0,0,1,0,1
0.790037062280629,8,11,4,0,0,0,1,0,1
-2.0004811261021,9,11,4,0,0,0,1,0,1
2.1384272726994,10,11,4,0,0,0,1,0,1
-0.953675599087881,11,11,4,0,0,0,1,0,1
0.0772345871203298,12,11,4,0,0,0,1,0,1
-0.53191817084045,13,11,4,0,0,0,1,0,1
1.22956590709327,14,11,4,0,0,0,1,0,1
0.178061338009707,15,11,4,0,0,0,1,0,1
0.91596142808085,16,11,4,0,0,0,1,0,1
0.643804207328282,17,11,4,0,0,0,1,0,1
1.32813205797026,18,11,4,0,0,0,1,0,1
0.135896259838265,19,11,4,0,0,0,1,0,1
0.700753970859217,20,11,4,0,0,0,1,0,1
1.35626768936375,1,11,5,0,0,0,0,1,1
1.09570643602194,2,11,5,0,0,0,0,1,1
0.305374769804008,3,11,5,0,0,0,0,1,1
-0.604059315085756,4,11,5,0,0,0,0,1,1
0.436853775473948,5,11,5,0,0,0,0,1,1
0.816998293273263,6,11,5,0,0,0,0,1,1
1.86592273921795,7,11,5,0,0,0,0,1,1
1.77608453162891,8,11,5,0,0,0,0,1,1
0.586702264015016,9,11,5,0,0,0,0,1,1
0.727628838301226,10,11,5,0,0,0,0,1,1
1.82360467990593,11,11,5,0,0,0,0,1,1
1.3340813165322,12,11,5,0,0,0,0,1,1
1.73633666204454,13,11,5,0,0,0,0,1,1
0.406326797932649,14,11,5,0,0,0,0,1,1
0.0786766736153396,15,11,5,0,0,0,0,1,1
1.52817744029114,16,11,5,0,0,0,0,1,1
-0.666784311596766,17,11,5,0,0,0,0,1,1
-0.0285712643910515,18,11,5,0,0,0,0,1,1
0.116536175474964,19,11,5,0,0,0,0,1,1
1.79515008039598,20,11,5,0,0,0,0,1,1
-1.14762188438907,1,12,1,1,0,0,0,0,0
-0.8473517015265,2,12,1,1,0,0,0,0,0
0.374527156103941,3,12,1,1,0,0,0,0,0
-1.0128167953937,4,12,1,1,0,0,0,0,0
0.794653620284053,5,12,1,1,0,0,0,0,0
1.26064133686049,6,12,1,1,0,0,0,0,0
-0.223275633496249,7,12,1,1,0,0,0,0,0
-1.86682093521499,8,12,1,1,0,0,0,0,0
0.690667270951119,9,12,1,1,0,0,0,0,0
0.740142539778608,10,12,1,1,0,0,0,0,0
0.961277660555014,11,12,1,1,0,0,0,0,0
1.04980069031231,12,12,1,1,0,0,0,0,0
2.37982535148662,13,12,1,1,0,0,0,0,0
-0.22061324526996,14,12,1,1,0,0,0,0,0
-1.59740084757984,15,12,1,1,0,0,0,0,0
-1.92294529213654,16,12,1,1,0,0,0,0,0
-0.128424163068707,17,12,1,1,0,0,0,0,0
0.552703023476839,18,12,1,1,0,0,0,0,0
0.375226482416538,19,12,1,1,0,0,0,0,0
-1.67866263112984,20,12,1,1,0,0,0,0,0
-0.758709157827581,1,12,2,0,1,0,0,0,0
-0.644238842220885,2,12,2,0,1,0,0,0,0
-1.52842776424369,3,12,2,0,1,0,0,0,0
-0.619008690873162,4,12,2,0,1,0,0,0,0
-0.763673876810434,5,12,2,0,1,0,0,0,0
1.23577318955738,6,12,2,0,1,0,0,0,0
-0.509311100905677,7,12,2,0,1,0,0,0,0
0.0380012580693007,8,12,2,0,1,0,0,0,0
1.97319734952785,9,12,2,0,1,0,0,0,0
0.1540771152319,10,12,2,0,1,0,0,0,0
-1.68833964747901,11,12,2,0,1,0,0,0,0
0.75269991837317,12,12,2,0,1,0,0,0,0
2.0487897309158,13,12,2,0,1,0,0,0,0
1.30645344241516,14,12,2,0,1,0,0,0,0
-0.457351064081251,15,12,2,0,1,0,0,0,0
-0.755330094507992,16,12,2,0,1,0,0,0,0
-0.493538159585494,17,12,2,0,1,0,0,0,0
-1.19135259621522,18,12,2,0,1,0,0,0,0
0.773572096314807,19,12,2,0,1,0,0,0,0
0.260403316470877,20,12,2,0,1,0,0,0,0
0.540350469037097,1,12,3,0,0,1,0,0,0
-0.727765737675032,2,12,3,0,0,1,0,0,0
-0.442263332608698,3,12,3,0,0,1,0,0,0
1.39943604145664,4,12,3,0,0,1,0,0,0
0.261661616350318,5,12,3,0,0,1,0,0,0
1.81904624470908,6,12,3,0,0,1,0,0,0
1.60487932428382,7,12,3,0,0,1,0,0,0
0.198107214758866,8,12,3,0,0,1,0,0,0
-0.510561749163725,9,12,3,0,0,1,0,0,0
-0.353281554678032,10,12,3,0,0,1,0,0,0
-0.42008180501009,11,12,3,0,0,1,0,0,0
-0.904607186787843,12,12,3,0,0,1,0,0,0
0.688732632954089,13,12,3,0,0,1,0,0,0
-0.759286816428909,14,12,3,0,0,1,0,0,0
-0.264351673155924,15,12,3,0,0,1,0,0,0
-0.822667986937742,16,12,3,0,0,1,0,0,0
0.40792119750305,17,12,3,0,0,1,0,0,0
-0.517037126764111,18,12,3,0,0,1,0,0,0
0.981920974296814,19,12,3,0,0,1,0,0,0
-0.0663267150160911,20,12,3,0,0,1,0,0,0
1.01401716281918,1,12,4,0,0,0,1,0,1
0.77672408778809,2,12,4,0,0,0,1,0,1
-0.216648226652001,3,12,4,0,0,0,1,0,1
-0.7582721586953,4,12,4,0,0,0,1,0,1
0.951344971346409,5,12,4,0,0,0,1,0,1
1.00376794231053,6,12,4,0,0,0,1,0,1
1.62131847443914,7,12,4,0,0,0,1,0,1
-0.945986795391378,8,12,4,0,0,0,1,0,1
0.493045062480133,9,12,4,0,0,0,1,0,1
-0.30786190254507,10,12,4,0,0,0,1,0,1
1.36097518779505,11,12,4,0,0,0,1,0,1
-0.930689191478135,12,12,4,0,0,0,1,0,1
0.788668284651138,13,12,4,0,0,0,1,0,1
-0.485782077043185,14,12,4,0,0,0,1,0,1
-1.84940911416931,15,12,4,0,0,0,1,0,1
1.66346470065752,16,12,4,0,0,0,1,0,1
0.418565367802231,17,12,4,0,0,0,1,0,1
1.99804405109044,18,12,4,0,0,0,1,0,1
1.66597721039401,19,12,4,0,0,0,1,0,1
-0.825984191822692,20,12,4,0,0,0,1,0,1
0.37620355967289,1,12,5,0,0,0,0,1,1
0.885461909576495,2,12,5,0,0,0,0,1,1
-0.738849106883506,3,12,5,0,0,0,0,1,1
-0.160876329740758,4,12,5,0,0,0,0,1,1
1.07672225958521,5,12,5,0,0,0,0,1,1
0.955616360852492,6,12,5,0,0,0,0,1,1
0.76337682104037,7,12,5,0,0,0,0,1,1
-1.48429693225149,8,12,5,0,0,0,0,1,1
-0.826802455469162,9,12,5,0,0,0,0,1,1
0.473415542606398,10,12,5,0,0,0,0,1,1
-0.155452375145048,11,12,5,0,0,0,0,1,1
-1.25806205929649,12,12,5,0,0,0,0,1,1
0.727875634654427,13,12,5,0,0,0,0,1,1
-0.543753548611646,14,12,5,0,0,0,0,1,1
-1.23300124073179,15,12,5,0,0,0,0,1,1
0.761146279909555,16,12,5,0,0,0,0,1,1
-1.18447723643825,17,12,5,0,0,0,0,1,1
0.452856142918053,18,12,5,0,0,0,0,1,1
0.438893407949739,19,12,5,0,0,0,0,1,1
-0.800629666755187,20,12,5,0,0,0,0,1,1
2.02057729825621,1,13,1,1,0,0,0,0,0
0.895108100398023,2,13,1,1,0,0,0,0,0
-0.791198082325848,3,13,1,1,0,0,0,0,0
1.36862257376269,4,13,1,1,0,0,0,0,0
2.16335709731398,5,13,1,1,0,0,0,0,0
1.59137300498238,6,13,1,1,0,0,0,0,0
-0.415396501321908,7,13,1,1,0,0,0,0,0
1.03233129069344,8,13,1,1,0,0,0,0,0
-1.00595389137832,9,13,1,1,0,0,0,0,0
-1.59446436554839,10,13,1,1,0,0,0,0,0
0.0018531290398556,11,13,1,1,0,0,0,0,0
0.0850208473392489,12,13,1,1,0,0,0,0,0
0.723895503182323,13,13,1,1,0,0,0,0,0
-2.49367331933309,14,13,1,1,0,0,0,0,0
0.1376457929456,15,13,1,1,0,0,0,0,0
1.25596037260181,16,13,1,1,0,0,0,0,0
-0.0147542660005231,17,13,1,1,0,0,0,0,0
1.26914980203032,18,13,1,1,0,0,0,0,0
-0.238302649362869,19,13,1,1,0,0,0,0,0
-0.704233357656784,20,13,1,1,0,0,0,0,0
-0.0160193858805229,1,13,2,0,1,0,0,0,0
0.773985270174822,2,13,2,0,1,0,0,0,0
0.288388063511319,3,13,2,0,1,0,0,0,0
1.94534981476311,4,13,2,0,1,0,0,0,0
0.43757140304385,5,13,2,0,1,0,0,0,0
0.494253771632509,6,13,2,0,1,0,0,0,0
0.756550240131792,7,13,2,0,1,0,0,0,0
-0.0955790228511838,8,13,2,0,1,0,0,0,0
-0.190533655813996,9,13,2,0,1,0,0,0,0
1.08709931336187,10,13,2,0,1,0,0,0,0
0.306899782746811,11,13,2,0,1,0,0,0,0
1.87852368201205,12,13,2,0,1,0,0,0,0
-0.119539792499326,13,13,2,0,1,0,0,0,0
0.978785806364545,14,13,2,0,1,0,0,0,0
-1.79069634358812,15,13,2,0,1,0,0,0,0
1.48605368701668,16,13,2,0,1,0,0,0,0
1.75937996552729,17,13,2,0,1,0,0,0,0
0.998363951108755,18,13,2,0,1,0,0,0,0
-0.13067230108769,19,13,2,0,1,0,0,0,0
0.445495573461055,20,13,2,0,1,0,0,0,0
-0.646923204009756,1,13,3,0,0,1,0,0,0
1.80717318364989,2,13,3,0,0,1,0,0,0
-1.71189425488813,3,13,3,0,0,1,0,0,0
0.25989292692938,4,13,3,0,0,1,0,0,0
2.79065946609652,5,13,3,0,0,1,0,0,0
0.984547734817255,6,13,3,0,0,1,0,0,0
-0.448080517446475,7,13,3,0,0,1,0,0,0
-0.0229201119051252,8,13,3,0,0,1,0,0,0
0.126568691313937,9,13,3,0,0,1,0,0,0
0.173403204015892,10,13,3,0,0,1,0,0,0
0.605132725823128,11,13,3,0,0,1,0,0,0
1.62222242548681,12,13,3,0,0,1,0,0,0
1.97027354106014,13,13,3,0,0,1,0,0,0
-0.100777040759952,14,13,3,0,0,1,0,0,0
-0.310339599210432,15,13,3,0,0,1,0,0,0
1.08911443557759,16,13,3,0,0,1,0,0,0
1.49333801913802,17,13,3,0,0,1,0,0,0
1.12270410489137,18,13,3,0,0,1,0,0,0
0.994281347196269,19,13,3,0,0,1,0,0,0
-0.642530307772493,20,13,3,0,0,1,0,0,0
2.06591186984129,1,13,4,0,0,0,1,0,1
2.14345822932845,2,13,4,0,0,0,1,0,1
1.47674580586348,3,13,4,0,0,0,1,0,1
2.36289229877758,4,13,4,0,0,0,1,0,1
1.01647881156054,5,13,4,0,0,0,1,0,1
0.835828220458473,6,13,4,0,0,0,1,0,1
0.133629060881108,7,13,4,0,0,0,1,0,1
2.02012596127415,8,13,4,0,0,0,1,0,1
0.0220283187174061,9,13,4,0,0,0,1,0,1
1.19782057928245,10,13,4,0,0,0,1,0,1
0.917436666754619,11,13,4,0,0,0,1,0,1
0.11951170903211,12,13,4,0,0,0,1,0,1
0.392839900314249,13,13,4,0,0,0,1,0,1
1.64781061122601,14,13,4,0,0,0,1,0,1
-0.215428701159197,15,13,4,0,0,0,1,0,1
1.69200251659829,16,13,4,0,0,0,1,0,1
1.60388658085738,17,13,4,0,0,0,1,0,1
2.41777848506691,18,13,4,0,0,0,1,0,1
0.719499698852014,19,13,4,0,0,0,1,0,1
0.856801613170625,20,13,4,0,0,0,1,0,1
0.492460738255074,1,13,5,0,0,0,0,1,1
2.80479006769268,2,13,5,0,0,0,0,1,1
1.1809737410463,3,13,5,0,0,0,0,1,1
1.32199637463989,4,13,5,0,0,0,0,1,1
1.58969699709462,5,13,5,0,0,0,0,1,1
0.385470750828379,6,13,5,0,0,0,0,1,1
0.7541132257003,7,13,5,0,0,0,0,1,1
2.00199721095128,8,13,5,0,0,0,0,1,1
1.98655501361919,9,13,5,0,0,0,0,1,1
1.24494556461781,10,13,5,0,0,0,0,1,1
-0.397765856168832,11,13,5,0,0,0,0,1,1
0.6005864506291,12,13,5,0,0,0,0,1,1
-0.266348441770869,13,13,5,0,0,0,0,1,1
-0.618574160117675,14,13,5,0,0,0,0,1,1
1.40161699806214,15,13,5,0,0,0,0,1,1
1.96238619351881,16,13,5,0,0,0,0,1,1
1.68025947188861,17,13,5,0,0,0,0,1,1
-0.410745743143892,18,13,5,0,0,0,0,1,1
2.01357255337553,19,13,5,0,0,0,0,1,1
0.202595044780631,20,13,5,0,0,0,0,1,1
0.545112431953015,1,14,1,1,0,0,0,0,0
-0.9471348957347,2,14,1,1,0,0,0,0,0
0.795191124576806,3,14,1,1,0,0,0,0,0
0.773920368631489,4,14,1,1,0,0,0,0,0
-0.316035371606201,5,14,1,1,0,0,0,0,0
1.14468144824907,6,14,1,1,0,0,0,0,0
0.247393497555034,7,14,1,1,0,0,0,0,0
0.188210423836561,8,14,1,1,0,0,0,0,0
0.270653469661545,9,14,1,1,0,0,0,0,0
0.116580391062497,10,14,1,1,0,0,0,0,0
-0.835509626017457,11,14,1,1,0,0,0,0,0
0.0628598187302906,12,14,1,1,0,0,0,0,0
-0.0195955211148547,13,14,1,1,0,0,0,0,0
0.459006116162177,14,14,1,1,0,0,0,0,0
-0.416842287930928,15,14,1,1,0,0,0,0,0
2.84568541278906,16,14,1,1,0,0,0,0,0
-0.117037549577673,17,14,1,1,0,0,0,0,0
0.00210534336493403,18,14,1,1,0,0,0,0,0
-0.346369385225692,19,14,1,1,0,0,0,0,0
-0.629523767247552,20,14,1,1,0,0,0,0,0
-1.40431194810571,1,14,2,0,1,0,0,0,0
-0.635420272438517,2,14,2,0,1,0,0,0,0
0.846958165064899,3,14,2,0,1,0,0,0,0
0.0247114930597563,4,14,2,0,1,0,0,0,0
-0.933953768867586,5,14,2,0,1,0,0,0,0
-0.883345043876292,6,14,2,0,1,0,0,0,0
-0.805636090134268,7,14,2,0,1,0,0,0,0
-0.744660972354197,8,14,2,0,1,0,0,0,0
-0.792307571481435,9,14,2,0,1,0,0,0,0
1.03800852987668,10,14,2,0,1,0,0,0,0
-0.524214062713832,11,14,2,0,1,0,0,0,0
0.895158249847995,12,14,2,0,1,0,0,0,0
-0.476322692941904,13,14,2,0,1,0,0,0,0
0.694149887547182,14,14,2,0,1,0,0,0,0
-0.0685287173718279,15,14,2,0,1,0,0,0,0
0.416683029772596,16,14,2,0,1,0,0,0,0
-0.157180877984024,17,14,2,0,1,0,0,0,0
-0.740569882296891,18,14,2,0,1,0,0,0,0
0.00692933193229335,19,14,2,0,1,0,0,0,0
0.477989536986925,20,14,2,0,1,0,0,0,0
0.0503288753122508,1,14,3,0,0,1,0,0,0
0.421342978103446,2,14,3,0,0,1,0,0,0
0.625072140223179,3,14,3,0,0,1,0,0,0
0.103711569464515,4,14,3,0,0,1,0,0,0
-0.890860033397564,5,14,3,0,0,1,0,0,0
-0.588043099308422,6,14,3,0,0,1,0,0,0
-0.590462221975808,7,14,3,0,0,1,0,0,0
-0.264002057416205,8,14,3,0,0,1,0,0,0
-0.486512448667091,9,14,3,0,0,1,0,0,0
-1.35623915155926,10,14,3,0,0,1,0,0,0
0.513245903961994,11,14,3,0,0,1,0,0,0
1.21223659621761,12,14,3,0,0,1,0,0,0
1.08323634440443,13,14,3,0,0,1,0,0,0
1.37293619640876,14,14,3,0,0,1,0,0,0
0.936866274998867,15,14,3,0,0,1,0,0,0
1.03811675635697,16,14,3,0,0,1,0,0,0
1.57604368537202,17,14,3,0,0,1,0,0,0
-0.0282282867193955,18,14,3,0,0,1,0,0,0
-1.14480713950789,19,14,3,0,0,1,0,0,0
1.07578360274013,20,14,3,0,0,1,0,0,0
-0.0116859975679865,1,14,4,0,0,0,1,0,1
1.38167182738587,2,14,4,0,0,0,1,0,1
0.840516935565895,3,14,4,0,0,0,1,0,1
0.491057079748033,4,14,4,0,0,0,1,0,1
1.13472849425079,5,14,4,0,0,0,1,0,1
-0.26194793729893,6,14,4,0,0,0,1,0,1
-0.18076557749021,7,14,4,0,0,0,1,0,1
-0.284471882904383,8,14,4,0,0,0,1,0,1
0.736902802855456,9,14,4,0,0,0,1,0,1
1.41283418567662,10,14,4,0,0,0,1,0,1
-0.528709924132262,11,14,4,0,0,0,1,0,1
-0.413875510912955,12,14,4,0,0,0,1,0,1
1.02960089689025,13,14,4,0,0,0,1,0,1
1.90466754510738,14,14,4,0,0,0,1,0,1
-0.248297152088037,15,14,4,0,0,0,1,0,1
0.990001570190706,16,14,4,0,0,0,1,0,1
1.51101841560492,17,14,4,0,0,0,1,0,1
0.130863672060025,18,14,4,0,0,0,1,0,1
-0.527178766794923,19,14,4,0,0,0,1,0,1
3.1067128303847,20,14,4,0,0,0,1,0,1
1.26131867634103,1,14,5,0,0,0,0,1,1
0.276007213503046,2,14,5,0,0,0,0,1,1
0.626100584906582,3,14,5,0,0,0,0,1,1
0.425856295135216,4,14,5,0,0,0,0,1,1
-0.582177079815609,5,14,5,0,0,0,0,1,1
1.08150338898883,6,14,5,0,0,0,0,1,1
0.221074705090937,7,14,5,0,0,0,0,1,1
0.378256952712855,8,14,5,0,0,0,0,1,1
2.03356585091827,9,14,5,0,0,0,0,1,1
1.28827914217171,10,14,5,0,0,0,0,1,1
0.049121900173221,11,14,5,0,0,0,0,1,1
0.693320184501845,12,14,5,0,0,0,0,1,1
0.689867694966025,13,14,5,0,0,0,0,1,1
0.517956582948896,14,14,5,0,0,0,0,1,1
1.02141872997229,15,14,5,0,0,0,0,1,1
0.101680952074119,16,14,5,0,0,0,0,1,1
-0.473023140959796,17,14,5,0,0,0,0,1,1
0.878554010850637,18,14,5,0,0,0,0,1,1
-0.61275742067103,19,14,5,0,0,0,0,1,1
1.68674253852204,20,14,5,0,0,0,0,1,1
0.960353011366234,1,15,1,1,0,0,0,0,0
0.630025208909232,2,15,1,1,0,0,0,0,0
0.212939481293764,3,15,1,1,0,0,0,0,0
-0.646679756430367,4,15,1,1,0,0,0,0,0
0.527980195852997,5,15,1,1,0,0,0,0,0
-0.801297650045123,6,15,1,1,0,0,0,0,0
-1.17078506662992,7,15,1,1,0,0,0,0,0
-0.648347437235301,8,15,1,1,0,0,0,0,0
-0.311376189408205,9,15,1,1,0,0,0,0,0
0.574018369023624,10,15,1,1,0,0,0,0,0
-0.399053780898318,11,15,1,1,0,0,0,0,0
0.799599514186175,12,15,1,1,0,0,0,0,0
0.361349397059994,13,15,1,1,0,0,0,0,0
-0.400736264009359,14,15,1,1,0,0,0,0,0
-0.753585764116176,15,15,1,1,0,0,0,0,0
-0.000317279068026911,16,15,1,1,0,0,0,0,0
-0.0513225822977479,17,15,1,1,0,0,0,0,0
0.41743703432983,18,15,1,1,0,0,0,0,0
0.199732949996068,19,15,1,1,0,0,0,0,0
-0.667899782394771,20,15,1,1,0,0,0,0,0
-0.599874477409229,1,15,2,0,1,0,0,0,0
0.0412488603589123,2,15,2,0,1,0,0,0,0
-0.524779828946931,3,15,2,0,1,0,0,0,0
0.732415346104072,4,15,2,0,1,0,0,0,0
0.663163227153374,5,15,2,0,1,0,0,0,0
-0.62680087089936,6,15,2,0,1,0,0,0,0
-0.474416063279816,7,15,2,0,1,0,0,0,0
0.325466967074223,8,15,2,0,1,0,0,0,0
0.941536329444502,9,15,2,0,1,0,0,0,0
2.08552579669222,10,15,2,0,1,0,0,0,0
-0.0754765159757217,11,15,2,0,1,0,0,0,0
0.217333719229636,12,15,2,0,1,0,0,0,0
1.04154702227143,13,15,2,0,1,0,0,0,0
-1.0577286738108,14,15,2,0,1,0,0,0,0
0.140264192011392,15,15,2,0,1,0,0,0,0
0.515529210839859,16,15,2,0,1,0,0,0,0
-0.0561210395161096,17,15,2,0,1,0,0,0,0
-0.692304894912962,18,15,2,0,1,0,0,0,0
-0.448328025487446,19,15,2,0,1,0,0,0,0
-1.33275110268534,20,15,2,0,1,0,0,0,0
-0.035560077418448,1,15,3,0,0,1,0,0,0
0.309360771666578,2,15,3,0,0,1,0,0,0
0.280330747812976,3,15,3,0,0,1,0,0,0
0.364588838065376,4,15,3,0,0,1,0,0,0
-0.156049201729148,5,15,3,0,0,1,0,0,0
1.4961754073974,6,15,3,0,0,1,0,0,0
-0.259491329243527,7,15,3,0,0,1,0,0,0
-0.474045946877586,8,15,3,0,0,1,0,0,0
1.19060433238341,9,15,3,0,0,1,0,0,0
0.122351348335448,10,15,3,0,0,1,0,0,0
0.508575022116509,11,15,3,0,0,1,0,0,0
-0.670197510084371,12,15,3,0,0,1,0,0,0
0.498338209714192,13,15,3,0,0,1,0,0,0
-0.196732932907885,14,15,3,0,0,1,0,0,0
0.350554762337942,15,15,3,0,0,1,0,0,0
-1.64143319476324,16,15,3,0,0,1,0,0,0
-0.259766603726968,17,15,3,0,0,1,0,0,0
-0.842184386345701,18,15,3,0,0,1,0,0,0
-0.650509122376104,19,15,3,0,0,1,0,0,0
-0.326083945847398,20,15,3,0,0,1,0,0,0
-0.123117202158102,1,15,4,0,0,0,1,0,1
0.653931451385394,2,15,4,0,0,0,1,0,1
-1.1829589375273,3,15,4,0,0,0,1,0,1
0.0459961975447442,4,15,4,0,0,0,1,0,1
1.03665595447338,5,15,4,0,0,0,1,0,1
0.994448241397804,6,15,4,0,0,0,1,0,1
0.40466373212689,7,15,4,0,0,0,1,0,1
1.22984620516556,8,15,4,0,0,0,1,0,1
-2.1178516106249,9,15,4,0,0,0,1,0,1
0.65592015136127,10,15,4,0,0,0,1,0,1
-0.353277042638228,11,15,4,0,0,0,1,0,1
0.220430450233915,12,15,4,0,0,0,1,0,1
0.124241113202064,13,15,4,0,0,0,1,0,1
-0.554721530583303,14,15,4,0,0,0,1,0,1
-0.283341915199303,15,15,4,0,0,0,1,0,1
1.40660573693723,16,15,4,0,0,0,1,0,1
0.669546514985153,17,15,4,0,0,0,1,0,1
0.555847673548752,18,15,4,0,0,0,1,0,1
1.10041137490657,19,15,4,0,0,0,1,0,1
-0.925473872703378,20,15,4,0,0,0,1,0,1
1.0802669019349,1,15,5,0,0,0,0,1,1
1.70641646359399,2,15,5,0,0,0,0,1,1
0.99746591704191,3,15,5,0,0,0,0,1,1
2.4075859664255,4,15,5,0,0,0,0,1,1
-0.752918151188734,5,15,5,0,0,0,0,1,1
0.159445262141796,6,15,5,0,0,0,0,1,1
0.12984597584857,7,15,5,0,0,0,0,1,1
1.35024779678126,8,15,5,0,0,0,0,1,1
1.25537487979585,9,15,5,0,0,0,0,1,1
1.10246600139917,10,15,5,0,0,0,0,1,1
0.531896893360939,11,15,5,0,0,0,0,1,1
1.61837536984368,12,15,5,0,0,0,0,1,1
0.225626119580724,13,15,5,0,0,0,0,1,1
1.7461196697264,14,15,5,0,0,0,0,1,1
-0.600865040307819,15,15,5,0,0,0,0,1,1
0.212837674667011,16,15,5,0,0,0,0,1,1
-0.61913403705853,17,15,5,0,0,0,0,1,1
0.503332829473065,18,15,5,0,0,0,0,1,1
0.323070830507894,19,15,5,0,0,0,0,1,1
0.650918759986864,20,15,5,0,0,0,0,1,1
-0.61637461111844,1,16,1,1,0,0,0,0,0
-0.709370486328438,2,16,1,1,0,0,0,0,0
-0.308459126587148,3,16,1,1,0,0,0,0,0
0.709071989772275,4,16,1,1,0,0,0,0,0
0.821364003210352,5,16,1,1,0,0,0,0,0
1.35646154568176,6,16,1,1,0,0,0,0,0
-0.499402718932327,7,16,1,1,0,0,0,0,0
1.20926584228444,8,16,1,1,0,0,0,0,0
-0.684719576439875,9,16,1,1,0,0,0,0,0
-0.29622543408628,10,16,1,1,0,0,0,0,0
0.364442827665124,11,16,1,1,0,0,0,0,0
-1.70002215286468,12,16,1,1,0,0,0,0,0
-0.0544750934548313,13,16,1,1,0,0,0,0,0
-1.13896541636197,14,16,1,1,0,0,0,0,0
-1.41262349990452,15,16,1,1,0,0,0,0,0
1.379435063832,16,16,1,1,0,0,0,0,0
-0.712817055187883,17,16,1,1,0,0,0,0,0
-0.321648157563683,18,16,1,1,0,0,0,0,0
-0.346171965716376,19,16,1,1,0,0,0,0,0
0.0725655691310615,20,16,1,1,0,0,0,0,0
-1.11793668571399,1,16,2,0,1,0,0,0,0
0.69036148233178,2,16,2,0,1,0,0,0,0
0.806834770789129,3,16,2,0,1,0,0,0,0
-2.18363834750983,4,16,2,0,1,0,0,0,0
0.143893563912138,5,16,2,0,1,0,0,0,0
-0.810300833667774,6,16,2,0,1,0,0,0,0
-0.269820442577255,7,16,2,0,1,0,0,0,0
-0.834683361718523,8,16,2,0,1,0,0,0,0
-0.631933150314925,9,16,2,0,1,0,0,0,0
-0.830424932257816,10,16,2,0,1,0,0,0,0
-0.363699072619612,11,16,2,0,1,0,0,0,0
-0.468853231688218,12,16,2,0,1,0,0,0,0
-0.219843774697379,13,16,2,0,1,0,0,0,0
1.00569819788078,14,16,2,0,1,0,0,0,0
-0.326636356155192,15,16,2,0,1,0,0,0,0
0.319356274902087,16,16,2,0,1,0,0,0,0
-1.00353846208984,17,16,2,0,1,0,0,0,0
-0.329312023809776,18,16,2,0,1,0,0,0,0
-2.51207574695607,19,16,2,0,1,0,0,0,0
-1.14252495033585,20,16,2,0,1,0,0,0,0
0.263308833928181,1,16,3,0,0,1,0,0,0
0.826191733870163,2,16,3,0,0,1,0,0,0
0.026139459046568,3,16,3,0,0,1,0,0,0
-0.476573997786344,4,16,3,0,0,1,0,0,0
-0.19277529960598,5,16,3,0,0,1,0,0,0
1.70949637629205,6,16,3,0,0,1,0,0,0
-0.0551542028048434,7,16,3,0,0,1,0,0,0
1.90608435446061,8,16,3,0,0,1,0,0,0
-0.32008591202535,9,16,3,0,0,1,0,0,0
0.122383812711617,10,16,3,0,0,1,0,0,0
-0.713346956111605,11,16,3,0,0,1,0,0,0
-0.0511150762678371,12,16,3,0,0,1,0,0,0
0.407688388762721,13,16,3,0,0,1,0,0,0
0.220980758110947,14,16,3,0,0,1,0,0,0
0.789724060719385,15,16,3,0,0,1,0,0,0
1.18792140276305,16,16,3,0,0,1,0,0,0
-1.76193397324363,17,16,3,0,0,1,0,0,0
-1.63992685860679,18,16,3,0,0,1,0,0,0
-1.37097254121918,19,16,3,0,0,1,0,0,0
-1.20232249196906,20,16,3,0,0,1,0,0,0
0.968839297932699,1,16,4,0,0,0,1,0,0
1.1517206144009,2,16,4,0,0,0,1,0,0
0.523854447207836,3,16,4,0,0,0,1,0,0
0.785014957835826,4,16,4,0,0,0,1,0,0
-0.360064147539321,5,16,4,0,0,0,1,0,0
-1.74042539599865,6,16,4,0,0,0,1,0,0
-0.377854541781842,7,16,4,0,0,0,1,0,0
-0.419860932495406,8,16,4,0,0,0,1,0,0
-1.33399867078901,9,16,4,0,0,0,1,0,0
0.311727371973746,10,16,4,0,0,0,1,0,0
-0.540991957682521,11,16,4,0,0,0,1,0,0
-0.598539601758598,12,16,4,0,0,0,1,0,0
-1.01364020278218,13,16,4,0,0,0,1,0,0
0.0681850605553262,14,16,4,0,0,0,1,0,0
-1.51017279366848,15,16,4,0,0,0,1,0,0
-0.782032688180396,16,16,4,0,0,0,1,0,0
-0.804366494865292,17,16,4,0,0,0,1,0,0
-0.673763731144376,18,16,4,0,0,0,1,0,0
-1.41165731177313,19,16,4,0,0,0,1,0,0
0.565065957212198,20,16,4,0,0,0,1,0,0
-1.14393788487817,1,16,5,0,0,0,0,1,1
-0.841993487857278,2,16,5,0,0,0,0,1,1
0.408639159087598,3,16,5,0,0,0,0,1,1
2.85804621875411,4,16,5,0,0,0,0,1,1
-0.508943234703817,5,16,5,0,0,0,0,1,1
0.802218377418931,6,16,5,0,0,0,0,1,1
1.48473968321909,7,16,5,0,0,0,0,1,1
-0.360084794208118,8,16,5,0,0,0,0,1,1
-1.11431321849799,9,16,5,0,0,0,0,1,1
1.4707141181983,10,16,5,0,0,0,0,1,1
0.10913204226689,11,16,5,0,0,0,0,1,1
0.81120832243427,12,16,5,0,0,0,0,1,1
-0.155256380779768,13,16,5,0,0,0,0,1,1
0.623045089629941,14,16,5,0,0,0,0,1,1
-1.98028236185639,15,16,5,0,0,0,0,1,1
-0.635346097425437,16,16,5,0,0,0,0,1,1
1.27958967007582,17,16,5,0,0,0,0,1,1
0.408287432609954,18,16,5,0,0,0,0,1,1
0.512540192422514,19,16,5,0,0,0,0,1,1
0.389601519247276,20,16,5,0,0,0,0,1,1
-0.88063642783473,1,17,1,1,0,0,0,0,0
0.82463256695057,2,17,1,1,0,0,0,0,0
-0.221279522590053,3,17,1,1,0,0,0,0,0
-1.80776091183682,4,17,1,1,0,0,0,0,0
-0.421142019465616,5,17,1,1,0,0,0,0,0
1.43030501566136,6,17,1,1,0,0,0,0,0
1.25574417086238,7,17,1,1,0,0,0,0,0
0.80704915942695,8,17,1,1,0,0,0,0,0
0.486201630492782,9,17,1,1,0,0,0,0,0
-0.567801764208428,10,17,1,1,0,0,0,0,0
0.0159997391036378,11,17,1,1,0,0,0,0,0
-0.39063057056672,12,17,1,1,0,0,0,0,0
-0.596847372191267,13,17,1,1,0,0,0,0,0
-0.184880242161594,14,17,1,1,0,0,0,0,0
-0.952842186589417,15,17,1,1,0,0,0,0,0
-0.857487584263036,16,17,1,1,0,0,0,0,0
-0.209597574820748,17,17,1,1,0,0,0,0,0
0.920100948930133,18,17,1,1,0,0,0,0,0
0.206426464363711,19,17,1,1,0,0,0,0,0
-1.52122544887194,20,17,1,1,0,0,0,0,0
1.55877650879301,1,17,2,0,1,0,0,0,0
0.941469575469792,2,17,2,0,1,0,0,0,0
-0.42450148511962,3,17,2,0,1,0,0,0,0
0.623121303678642,4,17,2,0,1,0,0,0,0
0.590966680636091,5,17,2,0,1,0,0,0,0
0.384078505194442,6,17,2,0,1,0,0,0,0
-1.06475438046509,7,17,2,0,1,0,0,0,0
2.10537542302088,8,17,2,0,1,0,0,0,0
-0.729406969015097,9,17,2,0,1,0,0,0,0
-0.704594540805952,10,17,2,0,1,0,0,0,0
-1.87967420611905,11,17,2,0,1,0,0,0,0
-1.46676704827926,12,17,2,0,1,0,0,0,0
1.34058556912715,13,17,2,0,1,0,0,0,0
-0.411735306268661,14,17,2,0,1,0,0,0,0
-0.228820056718335,15,17,2,0,1,0,0,0,0
1.51831247847411,16,17,2,0,1,0,0,0,0
1.43523093790141,17,17,2,0,1,0,0,0,0
-2.13634392079142,18,17,2,0,1,0,0,0,0
0.956588772325198,19,17,2,0,1,0,0,0,0
-1.84495742720583,20,17,2,0,1,0,0,0,0
0.642067245811293,1,17,3,0,0,1,0,0,0
0.237343406841041,2,17,3,0,0,1,0,0,0
-0.346588602243968,3,17,3,0,0,1,0,0,0
0.364597072833839,4,17,3,0,0,1,0,0,0
-0.725190115260287,5,17,3,0,0,1,0,0,0
0.600014331743053,6,17,3,0,0,1,0,0,0
1.63894985711464,7,17,3,0,0,1,0,0,0
0.452907601145246,8,17,3,0,0,1,0,0,0
0.693595226721617,9,17,3,0,0,1,0,0,0
0.422301679960469,10,17,3,0,0,1,0,0,0
0.755379225894433,11,17,3,0,0,1,0,0,0
1.71482147348758,12,17,3,0,0,1,0,0,0
-2.01242734425717,13,17,3,0,0,1,0,0,0
-1.42975309128293,14,17,3,0,0,1,0,0,0
-2.15006559876834,15,17,3,0,0,1,0,0,0
1.13360537898863,16,17,3,0,0,1,0,0,0
2.11954228735447,17,17,3,0,0,1,0,0,0
-0.403540146349973,18,17,3,0,0,1,0,0,0
-1.44995724959904,19,17,3,0,0,1,0,0,0
0.5470567835061,20,17,3,0,0,1,0,0,0
0.8343928791804,1,17,4,0,0,0,1,0,0
-0.58241548324171,2,17,4,0,0,0,1,0,0
-0.125835030888258,3,17,4,0,0,0,1,0,0
0.732476981451145,4,17,4,0,0,0,1,0,0
0.369660431935967,5,17,4,0,0,0,1,0,0
0.759516808726852,6,17,4,0,0,0,1,0,0
-0.225024697620109,7,17,4,0,0,0,1,0,0
0.798752245591902,8,17,4,0,0,0,1,0,0
0.40541333479117,9,17,4,0,0,0,1,0,0
0.823081408708593,10,17,4,0,0,0,1,0,0
1.1283268981031,11,17,4,0,0,0,1,0,0
-0.601964100002959,12,17,4,0,0,0,1,0,0
-0.615143247640856,13,17,4,0,0,0,1,0,0
-1.32449285138799,14,17,4,0,0,0,1,0,0
0.656646966849479,15,17,4,0,0,0,1,0,0
1.81542262412063,16,17,4,0,0,0,1,0,0
-0.721504127114035,17,17,4,0,0,0,1,0,0
-0.143597908823093,18,17,4,0,0,0,1,0,0
-0.392496195435628,19,17,4,0,0,0,1,0,0
-1.11570396511182,20,17,4,0,0,0,1,0,0
-0.0198960351663349,1,17,5,0,0,0,0,1,1
0.28615226005861,2,17,5,0,0,0,0,1,1
1.39971602537773,3,17,5,0,0,0,0,1,1
0.614383598725174,4,17,5,0,0,0,0,1,1
1.51362838291023,5,17,5,0,0,0,0,1,1
0.407682286530818,6,17,5,0,0,0,0,1,1
0.730905347672712,7,17,5,0,0,0,0,1,1
1.84961858608014,8,17,5,0,0,0,0,1,1
0.031688252652803,9,17,5,0,0,0,0,1,1
-1.73774898365716,10,17,5,0,0,0,0,1,1
-0.171904202135704,11,17,5,0,0,0,0,1,1
-0.361916603798953,12,17,5,0,0,0,0,1,1
0.0590555924734841,13,17,5,0,0,0,0,1,1
0.765097623055406,14,17,5,0,0,0,0,1,1
-0.369645432916535,15,17,5,0,0,0,0,1,1
1.22852137218431,16,17,5,0,0,0,0,1,1
1.67147462485919,17,17,5,0,0,0,0,1,1
1.01024193323429,18,17,5,0,0,0,0,1,1
1.55138650308611,19,17,5,0,0,0,0,1,1
-1.46132132931689,20,17,5,0,0,0,0,1,1
0.818742997063608,1,18,1,1,0,0,0,0,0
0.473809481705901,2,18,1,1,0,0,0,0,0
0.402614904520325,3,18,1,1,0,0,0,0,0
-1.56010533099703,4,18,1,1,0,0,0,0,0
-1.4591192769229,5,18,1,1,0,0,0,0,0
-0.874863989615933,6,18,1,1,0,0,0,0,0
-0.145698871631527,7,18,1,1,0,0,0,0,0
-1.81352810920156,8,18,1,1,0,0,0,0,0
1.64507851625996,9,18,1,1,0,0,0,0,0
-2.10892536972421,10,18,1,1,0,0,0,0,0
1.64034489984913,11,18,1,1,0,0,0,0,0
0.346609946336486,12,18,1,1,0,0,0,0,0
1.92838605472169,13,18,1,1,0,0,0,0,0
-0.240381062507561,14,18,1,1,0,0,0,0,0
-0.473843424291272,15,18,1,1,0,0,0,0,0
1.08120579295649,16,18,1,1,0,0,0,0,0
0.919995024409928,17,18,1,1,0,0,0,0,0
-0.490680888283683,18,18,1,1,0,0,0,0,0
0.472567560429797,19,18,1,1,0,0,0,0,0
-1.88297488476997,20,18,1,1,0,0,0,0,0
0.244177517883768,1,18,2,0,1,0,0,0,0
0.265912087229056,2,18,2,0,1,0,0,0,0
-0.0496688455377479,3,18,2,0,1,0,0,0,0
-0.0987777923458726,4,18,2,0,1,0,0,0,0
-0.191803360303139,5,18,2,0,1,0,0,0,0
0.0080825757072551,6,18,2,0,1,0,0,0,0
-1.20697966604766,7,18,2,0,1,0,0,0,0
0.195376913287731,8,18,2,0,1,0,0,0,0
2.07141384260594,9,18,2,0,1,0,0,0,0
-0.847377192458546,10,18,2,0,1,0,0,0,0
1.0954696710836,11,18,2,0,1,0,0,0,0
1.25672572904463,12,18,2,0,1,0,0,0,0
2.84716773737351,13,18,2,0,1,0,0,0,0
0.483630556459684,14,18,2,0,1,0,0,0,0
1.08945750748193,15,18,2,0,1,0,0,0,0
0.465320305069048,16,18,2,0,1,0,0,0,0
0.481179039164722,17,18,2,0,1,0,0,0,0
-2.32823323326026,18,18,2,0,1,0,0,0,0
0.371739557665532,19,18,2,0,1,0,0,0,0
0.757970118047487,20,18,2,0,1,0,0,0,0
1.86812248807776,1,18,3,0,0,1,0,0,0
-1.12213945369403,2,18,3,0,0,1,0,0,0
0.298784352634258,3,18,3,0,0,1,0,0,0
0.372761883186454,4,18,3,0,0,1,0,0,0
-0.210112125770983,5,18,3,0,0,1,0,0,0
0.495429551216655,6,18,3,0,0,1,0,0,0
0.730378652716825,7,18,3,0,0,1,0,0,0
0.720212292451638,8,18,3,0,0,1,0,0,0
0.304341141922225,9,18,3,0,0,1,0,0,0
0.34326522955519,10,18,3,0,0,1,0,0,0
1.22776883170125,11,18,3,0,0,1,0,0,0
1.26048872388491,12,18,3,0,0,1,0,0,0
1.72484434154907,13,18,3,0,0,1,0,0,0
-0.117724391150379,14,18,3,0,0,1,0,0,0
1.29083910684341,15,18,3,0,0,1,0,0,0
1.67953888844616,16,18,3,0,0,1,0,0,0
-0.0729604726625165,17,18,3,0,0,1,0,0,0
0.140419691407655,18,18,3,0,0,1,0,0,0
-0.0685013488071965,19,18,3,0,0,1,0,0,0
0.165625543352488,20,18,3,0,0,1,0,0,0
1.53874673689199,1,18,4,0,0,0,1,0,0
-1.17075142033784,2,18,4,0,0,0,1,0,0
-0.252119969716984,3,18,4,0,0,0,1,0,0
-0.34379349287074,4,18,4,0,0,0,1,0,0
0.668090921030304,5,18,4,0,0,0,1,0,0
2.18724565503674,6,18,4,0,0,0,1,0,0
-1.6555507843414,7,18,4,0,0,0,1,0,0
-0.669383432344456,8,18,4,0,0,0,1,0,0
0.745794740245319,9,18,4,0,0,0,1,0,0
1.56783204329684,10,18,4,0,0,0,1,0,0
-0.344947235775084,11,18,4,0,0,0,1,0,0
0.280149533483147,12,18,4,0,0,0,1,0,0
1.74822384849707,13,18,4,0,0,0,1,0,0
-0.107009720789816,14,18,4,0,0,0,1,0,0
3.19887951532261,15,18,4,0,0,0,1,0,0
-0.653019587399761,16,18,4,0,0,0,1,0,0
1.02086307688692,17,18,4,0,0,0,1,0,0
-1.02538045965609,18,18,4,0,0,0,1,0,0
0.61582242895762,19,18,4,0,0,0,1,0,0
-0.752422681369034,20,18,4,0,0,0,1,0,0
0.362463488089976,1,18,5,0,0,0,0,1,1
0.592934159279739,2,18,5,0,0,0,0,1,1
0.484267900785722,3,18,5,0,0,0,0,1,1
-0.0732360169155828,4,18,5,0,0,0,0,1,1
-0.0606838601661789,5,18,5,0,0,0,0,1,1
0.596062472080181,6,18,5,0,0,0,0,1,1
0.980250958114638,7,18,5,0,0,0,0,1,1
-0.050375893829204,8,18,5,0,0,0,0,1,1
1.95372713413132,9,18,5,0,0,0,0,1,1
0.680819450242469,10,18,5,0,0,0,0,1,1
0.783078250290601,11,18,5,0,0,0,0,1,1
0.127245369783939,12,18,5,0,0,0,0,1,1
0.618130152774082,13,18,5,0,0,0,0,1,1
-0.295037271482672,14,18,5,0,0,0,0,1,1
0.475664511107599,15,18,5,0,0,0,0,1,1
1.20174917237326,16,18,5,0,0,0,0,1,1
2.18527011609422,17,18,5,0,0,0,0,1,1
-0.523367652746405,18,18,5,0,0,0,0,1,1
-0.504129233844483,19,18,5,0,0,0,0,1,1
1.2155369119807,20,18,5,0,0,0,0,1,1
-0.265126981046015,1,19,1,1,0,0,0,0,0
-0.7511548683987,2,19,1,1,0,0,0,0,0
0.478687655556538,3,19,1,1,0,0,0,0,0
-0.0277589963911357,4,19,1,1,0,0,0,0,0
2.51547595000809,5,19,1,1,0,0,0,0,0
-0.0606001376333019,6,19,1,1,0,0,0,0,0
-0.0565259110224633,7,19,1,1,0,0,0,0,0
-0.274421586902493,8,19,1,1,0,0,0,0,0
0.680077427769258,9,19,1,1,0,0,0,0,0
-1.02108410180886,10,19,1,1,0,0,0,0,0
-0.882852577953183,11,19,1,1,0,0,0,0,0
0.335828463248907,12,19,1,1,0,0,0,0,0
-1.69708025937164,13,19,1,1,0,0,0,0,0
-2.37978259964387,14,19,1,1,0,0,0,0,0
0.559326100421752,15,19,1,1,0,0,0,0,0
-1.58342730555721,16,19,1,1,0,0,0,0,0
-0.369793702100669,17,19,1,1,0,0,0,0,0
-0.34779803215451,18,19,1,1,0,0,0,0,0
-0.657394809791849,19,19,1,1,0,0,0,0,0
-0.940073320545033,20,19,1,1,0,0,0,0,0
0.74892176163814,1,19,2,0,1,0,0,0,0
0.243566762202587,2,19,2,0,1,0,0,0,0
-2.877224422022,3,19,2,0,1,0,0,0,0
0.233580847990745,4,19,2,0,1,0,0,0,0
0.00521835521337377,5,19,2,0,1,0,0,0,0
-0.300199021157674,6,19,2,0,1,0,0,0,0
-1.12920620729578,7,19,2,0,1,0,0,0,0
0.530175337738058,8,19,2,0,1,0,0,0,0
-1.23420868973653,9,19,2,0,1,0,0,0,0
-0.602585703639599,10,19,2,0,1,0,0,0,0
-0.186830660424476,11,19,2,0,1,0,0,0,0
-0.769751100519133,12,19,2,0,1,0,0,0,0
-0.769531370589321,13,19,2,0,1,0,0,0,0
0.255554687587986,14,19,2,0,1,0,0,0,0
0.261674110427459,15,19,2,0,1,0,0,0,0
-0.491919646047567,16,19,2,0,1,0,0,0,0
-0.202436481712595,17,19,2,0,1,0,0,0,0
1.04278643973586,18,19,2,0,1,0,0,0,0
-0.00145456857102817,19,19,2,0,1,0,0,0,0
1.37319703940678,20,19,2,0,1,0,0,0,0
0.744697246198893,1,19,3,0,0,1,0,0,0
0.441496608364394,2,19,3,0,0,1,0,0,0
-0.390384290391895,3,19,3,0,0,1,0,0,0
-0.937909789242074,4,19,3,0,0,1,0,0,0
-0.22974926229691,5,19,3,0,0,1,0,0,0
-1.66907244745969,6,19,3,0,0,1,0,0,0
-0.427553975934798,7,19,3,0,0,1,0,0,0
1.59167802969702,8,19,3,0,0,1,0,0,0
-0.967793672694719,9,19,3,0,0,1,0,0,0
0.321267364817927,10,19,3,0,0,1,0,0,0
-0.383631364074496,11,19,3,0,0,1,0,0,0
-0.0280154135674855,12,19,3,0,0,1,0,0,0
0.475739309542809,13,19,3,0,0,1,0,0,0
-1.67730198913281,14,19,3,0,0,1,0,0,0
-0.386730832016738,15,19,3,0,0,1,0,0,0
-1.93110728543144,16,19,3,0,0,1,0,0,0
-0.743343403856548,17,19,3,0,0,1,0,0,0
0.354318442016463,18,19,3,0,0,1,0,0,0
0.101630341575047,19,19,3,0,0,1,0,0,0
1.28704700144364,20,19,3,0,0,1,0,0,0
-0.202935198394896,1,19,4,0,0,0,1,0,0
-0.618508224720975,2,19,4,0,0,0,1,0,0
0.306058769597166,3,19,4,0,0,0,1,0,0
-0.563446953160036,4,19,4,0,0,0,1,0,0
-0.185063618519195,5,19,4,0,0,0,1,0,0
0.892059805699179,6,19,4,0,0,0,1,0,0
-0.498667494946147,7,19,4,0,0,0,1,0,0
-0.924330109146743,8,19,4,0,0,0,1,0,0
-1.27198310040506,9,19,4,0,0,0,1,0,0
0.622413219903743,10,19,4,0,0,0,1,0,0
-0.622021790385583,11,19,4,0,0,0,1,0,0
0.587430967855793,12,19,4,0,0,0,1,0,0
-0.582856967884948,13,19,4,0,0,0,1,0,0
-1.45935654501714,14,19,4,0,0,0,1,0,0
0.11824951334831,15,19,4,0,0,0,1,0,0
-2.82769176981473,16,19,4,0,0,0,1,0,0
0.0953039860798179,17,19,4,0,0,0,1,0,0
-0.102945533280951,18,19,4,0,0,0,1,0,0
-0.778178496714535,19,19,4,0,0,0,1,0,0
0.324286019673841,20,19,4,0,0,0,1,0,0
-0.864331074221015,1,19,5,0,0,0,0,1,1
0.068444838170504,2,19,5,0,0,0,0,1,1
1.21776813196563,3,19,5,0,0,0,0,1,1
1.9284303353145,4,19,5,0,0,0,0,1,1
-0.591153953946643,5,19,5,0,0,0,0,1,1
-0.4256996797614,6,19,5,0,0,0,0,1,1
1.23468217796037,7,19,5,0,0,0,0,1,1
1.50455147284595,8,19,5,0,0,0,0,1,1
0.376096058246686,9,19,5,0,0,0,0,1,1
0.353588613737887,10,19,5,0,0,0,0,1,1
0.673161637665458,11,19,5,0,0,0,0,1,1
1.04888446307339,12,19,5,0,0,0,0,1,1
-1.70195858971535,13,19,5,0,0,0,0,1,1
-0.939567137226306,14,19,5,0,0,0,0,1,1
-0.570249251476305,15,19,5,0,0,0,0,1,1
0.515377690865982,16,19,5,0,0,0,0,1,1
-0.162824927676164,17,19,5,0,0,0,0,1,1
0.87803445556491,18,19,5,0,0,0,0,1,1
1.273710083702,19,19,5,0,0,0,0,1,1
-0.235167440392425,20,19,5,0,0,0,0,1,1
-0.822787752292879,1,20,1,1,0,0,0,0,0
-0.451625249305562,2,20,1,1,0,0,0,0,0
0.333347677054681,3,20,1,1,0,0,0,0,0
-1.05698030124086,4,20,1,1,0,0,0,0,0
-0.902328056002493,5,20,1,1,0,0,0,0,0
-1.4077609520092,6,20,1,1,0,0,0,0,0
1.50192294878836,7,20,1,1,0,0,0,0,0
-0.18848788725586,8,20,1,1,0,0,0,0,0
-0.654634097723149,9,20,1,1,0,0,0,0,0
0.859024581309699,10,20,1,1,0,0,0,0,0
-0.281054643445188,11,20,1,1,0,0,0,0,0
-0.0761539531261648,12,20,1,1,0,0,0,0,0
-0.96684232459945,13,20,1,1,0,0,0,0,0
0.568521018602916,14,20,1,1,0,0,0,0,0
-0.383849454530775,15,20,1,1,0,0,0,0,0
-1.06889856625736,16,20,1,1,0,0,0,0,0
-0.704765819362341,17,20,1,1,0,0,0,0,0
-0.266454924022685,18,20,1,1,0,0,0,0,0
0.47335610194471,19,20,1,1,0,0,0,0,0
-0.612071636898796,20,20,1,1,0,0,0,0,0
-2.24974358378916,1,20,2,0,1,0,0,0,0
0.579720274303326,2,20,2,0,1,0,0,0,0
0.714525292412132,3,20,2,0,1,0,0,0,0
-0.0219392715236331,4,20,2,0,1,0,0,0,0
1.11754695607911,5,20,2,0,1,0,0,0,0
-1.16589978654588,6,20,2,0,1,0,0,0,0
0.269355037797911,7,20,2,0,1,0,0,0,0
0.625973285034055,8,20,2,0,1,0,0,0,0
-1.34563372028318,9,20,2,0,1,0,0,0,0
0.0366129964863796,10,20,2,0,1,0,0,0,0
0.351667947240471,11,20,2,0,1,0,0,0,0
-1.03139362943755,12,20,2,0,1,0,0,0,0
0.600337154252801,13,20,2,0,1,0,0,0,0
-2.25418749375474,14,20,2,0,1,0,0,0,0
-0.609242004526855,15,20,2,0,1,0,0,0,0
0.215690079049885,16,20,2,0,1,0,0,0,0
1.06649791680079,17,20,2,0,1,0,0,0,0
0.25291440351155,18,20,2,0,1,0,0,0,0
0.749963758761541,19,20,2,0,1,0,0,0,0
-0.257043646344605,20,20,2,0,1,0,0,0,0
-1.52162810935904,1,20,3,0,0,1,0,0,0
0.374321618287741,2,20,3,0,0,1,0,0,0
-0.783476608197807,3,20,3,0,0,1,0,0,0
1.28187169019308,4,20,3,0,0,1,0,0,0
0.878435669310492,5,20,3,0,0,1,0,0,0
-0.62449176962531,6,20,3,0,0,1,0,0,0
-1.30115024232701,7,20,3,0,0,1,0,0,0
-0.291173762055638,8,20,3,0,0,1,0,0,0
0.673099383521277,9,20,3,0,0,1,0,0,0
2.1631211587497,10,20,3,0,0,1,0,0,0
0.399651789061526,11,20,3,0,0,1,0,0,0
-0.346937411462451,12,20,3,0,0,1,0,0,0
0.510011215663121,13,20,3,0,0,1,0,0,0
0.607507934058707,14,20,3,0,0,1,0,0,0
-1.82846252687079,15,20,3,0,0,1,0,0,0
0.517167600781051,16,20,3,0,0,1,0,0,0
-0.578389523264707,17,20,3,0,0,1,0,0,0
-0.527495932534392,18,20,3,0,0,1,0,0,0
-0.858676120265985,19,20,3,0,0,1,0,0,0
-0.622716053211088,20,20,3,0,0,1,0,0,0
-0.437077934213847,1,20,4,0,0,0,1,0,0
-0.566063233410902,2,20,4,0,0,0,1,0,0
-0.0793375732378217,3,20,4,0,0,0,1,0,0
-1.23995641359703,4,20,4,0,0,0,1,0,0
1.00847478958264,5,20,4,0,0,0,1,0,0
0.766231113211879,6,20,4,0,0,0,1,0,0
0.350608171269197,7,20,4,0,0,0,1,0,0
-0.161175517951622,8,20,4,0,0,0,1,0,0
1.36514668193483,9,20,4,0,0,0,1,0,0
0.58422560114716,10,20,4,0,0,0,1,0,0
1.60613320697781,11,20,4,0,0,0,1,0,0
-0.342230662864723,12,20,4,0,0,0,1,0,0
0.426413337785976,13,20,4,0,0,0,1,0,0
0.202099981548753,14,20,4,0,0,0,1,0,0
-0.291273196749181,15,20,4,0,0,0,1,0,0
-0.204289331756212,16,20,4,0,0,0,1,0,0
-0.60759185449041,17,20,4,0,0,0,1,0,0
1.34051534092692,18,20,4,0,0,0,1,0,0
-0.323908101916654,19,20,4,0,0,0,1,0,0
1.69503291901579,20,20,4,0,0,0,1,0,0
-0.493684888755123,1,20,5,0,0,0,0,1,1
0.648814724558146,2,20,5,0,0,0,0,1,1
1.87673342311061,3,20,5,0,0,0,0,1,1
-0.478145789589709,4,20,5,0,0,0,0,1,1
0.0955762267092437,5,20,5,0,0,0,0,1,1
0.344859531754375,6,20,5,0,0,0,0,1,1
2.14612368538062,7,20,5,0,0,0,0,1,1
0.267198089981002,8,20,5,0,0,0,0,1,1
1.19838805995906,9,20,5,0,0,0,0,1,1
2.00732570894199,10,20,5,0,0,0,0,1,1
-0.457625746791097,11,20,5,0,0,0,0,1,1
-0.822242026115787,12,20,5,0,0,0,0,1,1
-1.15956502947185,13,20,5,0,0,0,0,1,1
-0.00429521994100046,14,20,5,0,0,0,0,1,1
-0.898409049946503,15,20,5,0,0,0,0,1,1
0.837170793812962,16,20,5,0,0,0,0,1,1
-0.647492007999083,17,20,5,0,0,0,0,1,1
1.62524835271904,18,20,5,0,0,0,0,1,1
1.07804089581771,19,20,5,0,0,0,0,1,1
0.446109778151089,20,20,5,0,0,0,0,1,1
